id. Response ID,submitdate. Date submitted,lastpage. Last page,startlanguage. Start language,seed. Seed,startdate. Date started,datestamp. Date last action,"G01Q63. Dear Participant(s),  Thank you very much for your interest in this research, and welcome to the survey.  My name is Syed, and I am conducting this survey as part of my Master's research project at the Technical University of Munich (TUM), under t","G01Q62. {if(is_empty(G01Q62), rand(1,4), G01Q62)} ","Q00. How often do you use public transport services for intercity (long-distance) travel, i.e. +/- 100 km or longer trips? ",G02Q64[SQ001]. Please state how often do you use public transport for the following categories of intercity trips: [Time Critical Trips:Business/Work/Study(I need to arrive on time)],G02Q64[SQ002]. Please state how often do you use public transport for the following categories of intercity trips: [Non-Time Critical Trips:Leisure(I am not in a hurry)],G01Q02[SQ001]. Please state how often you use the following transport modes for intercity trips:  [Train (DB Intercity)],G01Q02[SQ002]. Please state how often you use the following transport modes for intercity trips:  [Train (DB Regiobahn)],G01Q02[SQ003]. Please state how often you use the following transport modes for intercity trips:  [Bus or Coach (e.g. FlixBus)],G01Q02[SQ004]. Please state how often you use the following transport modes for intercity trips:  [Car Pooling (e.g. BlaBlaCar)],"G01Q02[SQ005]. Please state how often you use the following transport modes for intercity trips:  [Hired Car (e.g. SixT, Miles, Hertz, etc.)]",G01Q02[SQ006]. Please state how often you use the following transport modes for intercity trips:  [Private (Own or Company) Car],G01Q02[SQ007]. Please state how often you use the following transport modes for intercity trips:  [Flight],"G01Q03. How often do you manage to reach your intercity destination on time, without time delays? ",G01Q04. How much in advance do you usually book your tickets for intercity trips (e.g. DB tickets)? ,"G01Q05[SQ001]. Please indicate what are your general preferences in intercity (long-distance) trips between the 3 following aspects: travel time, ticket cost, and reliability (delay risk):   [Cost vs TimeCheaper but slower (A)orMore expensive but faster (","G01Q05[SQ002]. Please indicate what are your general preferences in intercity (long-distance) trips between the 3 following aspects: travel time, ticket cost, and reliability (delay risk):   [Cost vs Reliability (Delay Risk)Cheaper but less reliable (A)or","G01Q05[SQ003]. Please indicate what are your general preferences in intercity (long-distance) trips between the 3 following aspects: travel time, ticket cost, and reliability (delay risk):   [Time vs Reliability (Delay Risk)Slower but more reliable (A)orF","G03Q06. This section showcases 10 hypothetical scenarios where you travel by train from Munich central station (München Hauptbahnhof) to one of the 2 intercity destinations, a shorter trip to Stuttgart or a longer trip to Berlin.      	 		 			MUC - STR 		",G02Q07NTC4_T2_C:30/45_HS/LS_STR01.  ,G02Q08TC5_T2_C:30/45_LL/LS_STR02. ,G02Q09NTC2_T2_C:30/45_HL/LL_STR03. ,G02Q10TC3_T2_C:30/45_HL/LS_STR04.  ,G02Q11NTC3_T2_C:30/45_HL/LS_STR05. ,G16Q30. Note: You will now see questions about a longer intercity trip (from Munich to Berlin). ,G02Q12TC3_T4_C:60/90_HL/LS_BER01. ,G02Q13NTC3_T4_C:60/90_HL/LS_BER02.   ,G02Q14TC4_T4_C:60/90_HS/LS_BER03. ,G02Q15NTC5_T4_C:60/90_LL/LS_BER04. ,G02Q16TC1_T4_C:60/90_HL/HS_BER05. ,G04Q65. Set_1,G05Q30TC3_T2_C:30/45_HL/LS_STR01. ,G05Q31NTC3_T2_C:30/45_HL/LS_STR02. ,G05Q32TC4_T2_C:30/45_HS/LS_STR03. ,G05Q33NTC5_T2_C:30/45_LL/LS_STR04. ,G05Q34TC1_T2_C:30/45_HL/HS_STR05. ,G05Q35. Note: You will now see questions about a longer intercity trip (from Munich to Berlin). ,G05Q36NTC4_T4_C:60/90_HS/LS_BER01. ,G05Q37TC5_T4_C:60/90_LL/LS_BER02. ,G05Q38NTC2_T4_C:60/90_HL/LL_BER03. ,G05Q39TC3_T4_C:60/90_HL/LS_BER04. ,G05Q40NTC3_T4_C:60/90_HL/LS_BER05. ,G05Q66. Set_2,G06Q41NTC4_T2_C:30/45_HS/LS_STR01. ,G06Q42TC5_T2_C:30/45_LL/LS_STR02. ,G06Q43TC1_T2_C:30/45_HL/HS_STR03. ,G06Q44NTC1_T2_C:30/45_HL/HS_STR04. ,G06Q45TC2_T2_C:30/45_HL/LL_STR05. ,G06Q46. Note: You will now see questions about a longer intercity trip (from Munich to Berlin). ,G06Q47NTC1_T4_C:60/90_HL/HS_BER01. ,G06Q48TC2_T4_C:60/90_HL/LL_BER02. ,G06Q49NTC2_T4_C:60/90_HL/LL_BER03. ,G06Q50TC4_T4_C:60/90_HS/LS_BER04. ,G06Q51NTC5_T4_C:60/90_LL/LS_BER05. ,G06Q67. Set_3,G07Q55NTC1_T2_C:30/45_HL/HS_STR01. ,G07Q56TC2_T2_C:30/45_HL/LL_STR02. ,G07Q52NTC2_T2_C:30/45_HL/LL_STR03. ,G07Q53TC4_T2_C:30/45_HS/LS_STR04. ,G07Q54NTC5_T2_C:30/45_LL/LS_STR05. ,G07Q57. Note: You will now see questions about a longer intercity trip (from Munich to Berlin). ,G07Q58NTC4_T4_C:60/90_HS/LS_BER01. ,G07Q59TC5_T4_C:60/90_LL/LS_BER02. ,G07Q60TC1_T4_C:60/90_HL/HS_BER03. ,G07Q61NTC1_T4_C:60/90_HL/HS_BER04. ,G07Q62TC2_T4_C:60/90_HL/LL_BER05. ,G07Q68. Set_4,"G07Q62. In this last section, we kindly ask you to answer a few general questions about yourself. Please note that all responses are anonymous and will be treated with confidentiality, used solely for research purposes.",G15Q21. What is your Age? ,G15Q22. What is your Gender?,G01Q23. What is your 'Net Monthly Income (Individual)'?    ,G01Q24. Where do you live (Residential Location Type)?,G15Q25. What is your Education background? ,G15Q26. What is your Employment Status? ,G15Q26[other]. What is your Employment Status?  [Other],G01Q27. Do you have a valid car Driving License in Germany? ,G01Q29. Do you have access to car? ,G01Q28. Do you have a seasonal ticket (e.g. monthly ticket) for your public transport trips? ,G01Q28[other]. Do you have a seasonal ticket (e.g. monthly ticket) for your public transport trips?  [Other],"G13Q20. Your input is highly valuable for our research on long-distance train travel.  If you have any comments, suggestions, or feedback about the survey experience - or especially if you would like to share insights from your intercity travel experience",interviewtime. Total time,groupTime1873. Group time: Passenger travel survey: which intercity train should I choose…?,G01Q63Time. Question time: G01Q63,groupTime1864. Group time: Section I. Intercity Travel Experience,G01Q62Time. Question time: G01Q62,Q00Time. Question time: Q00,G02Q64Time. Question time: G02Q64,G01Q02Time. Question time: G01Q02,G01Q03Time. Question time: G01Q03,G01Q04Time. Question time: G01Q04,G01Q05Time. Question time: G01Q05,groupTime1870. Group time:  Section II. Hypothetical Intercity Train Choices,G03Q06Time. Question time: G03Q06,groupTime1865. Group time: Section II. Hypothetical Intercity Train Choices,G02Q07NTC4STR01Time. Question time: G02Q07NTC4STR01,G02Q08TC5STR02Time. Question time: G02Q08TC5STR02,G02Q09NTC2STR03Time. Question time: G02Q09NTC2STR03,G02Q10TC3STR04Time. Question time: G02Q10TC3STR04,G02Q11NTC3STR05Time. Question time: G02Q11NTC3STR05,G16Q30Time. Question time: G16Q30,G02Q12TC3BER01Time. Question time: G02Q12TC3BER01,G02Q13NTC3BER02Time. Question time: G02Q13NTC3BER02,G02Q14TC4BER03Time. Question time: G02Q14TC4BER03,G02Q15NTC5BER04Time. Question time: G02Q15NTC5BER04,G02Q16TC1BER05Time. Question time: G02Q16TC1BER05,G04Q65Time. Question time: G04Q65,groupTime1868. Group time: Section II. Hypothetical Intercity Train Choices,G05Q30TC3STR01Time. Question time: G05Q30TC3STR01,G05Q31NTC3STR02Time. Question time: G05Q31NTC3STR02,G05Q32TC4STR03Time. Question time: G05Q32TC4STR03,G05Q33NTC5STR04Time. Question time: G05Q33NTC5STR04,G05Q34TC1STR05Time. Question time: G05Q34TC1STR05,G05Q35Time. Question time: G05Q35,G05Q36NTC4BER01Time. Question time: G05Q36NTC4BER01,G05Q37TC5BER02Time. Question time: G05Q37TC5BER02,G05Q38NTC2BER03Time. Question time: G05Q38NTC2BER03,G05Q39TC3BER04Time. Question time: G05Q39TC3BER04,G05Q40NTC3BER05Time. Question time: G05Q40NTC3BER05,G05Q66Time. Question time: G05Q66,groupTime1867. Group time: Section II. Hypothetical Intercity Train Choices,G06Q41NTC4STR01Time. Question time: G06Q41NTC4STR01,G06Q42TC5STR02Time. Question time: G06Q42TC5STR02,G06Q43TC1STR03Time. Question time: G06Q43TC1STR03,G06Q44NTC1STR04Time. Question time: G06Q44NTC1STR04,G06Q45TC2STR05Time. Question time: G06Q45TC2STR05,G06Q46Time. Question time: G06Q46,G06Q47NTC1BER01Time. Question time: G06Q47NTC1BER01,G06Q48TC2BER02Time. Question time: G06Q48TC2BER02,G06Q49NTC2BER03Time. Question time: G06Q49NTC2BER03,G06Q50TC4BER04Time. Question time: G06Q50TC4BER04,G06Q51NTC5BER05Time. Question time: G06Q51NTC5BER05,G06Q67Time. Question time: G06Q67,groupTime1866. Group time: Section II. Hypothetical Intercity Train Choices,G07Q55NTC1STR01Time. Question time: G07Q55NTC1STR01,G07Q56TC2STR02Time. Question time: G07Q56TC2STR02,G07Q52NTC2STR03Time. Question time: G07Q52NTC2STR03,G07Q53TC4STR04Time. Question time: G07Q53TC4STR04,G07Q54NTC5STR05Time. Question time: G07Q54NTC5STR05,G07Q57Time. Question time: G07Q57,G07Q58NTC4BER01Time. Question time: G07Q58NTC4BER01,G07Q59TC5BER02Time. Question time: G07Q59TC5BER02,G07Q60TC1BER03Time. Question time: G07Q60TC1BER03,G07Q61NTC1BER04Time. Question time: G07Q61NTC1BER04,G07Q62TC2BER05Time. Question time: G07Q62TC2BER05,G07Q68Time. Question time: G07Q68,groupTime1872. Group time: Section III. Final Section – About You (Socio Demographics - Anonymous Data),G07Q62Time. Question time: G07Q62,groupTime1871. Group time: Section III. Final Section – About You (Socio Demographics - Anonymous Data),G15Q21Time. Question time: G15Q21,G15Q22Time. Question time: G15Q22,G01Q23Time. Question time: G01Q23,G01Q24Time. Question time: G01Q24,G15Q25Time. Question time: G15Q25,G15Q26Time. Question time: G15Q26,G01Q27Time. Question time: G01Q27,G01Q29Time. Question time: G01Q29,G01Q28Time. Question time: G01Q28,groupTime1869. Group time: Thank you for completing the survey!!,G13Q20Time. Question time: G13Q20
14,9/9/25 23:33,68,de,1370845630,9/9/25 23:30,9/9/25 23:33,,2,I don’t use public transport for intercity trips,,,,,,,,,,In around 50 % of the trips,,Strongly A,Strongly A,Strongly A,,,,,,,,,,,,,,Train A,Train A,Train A,Train B,Train B,,Train A,Train B,Train A,Train A,Train A,,,,,,,,,,,,,,,,,,,,,,,,,,,51 - 65,Other,Above 4000 €,"Small Town (e.g. Freising, Dachau, Memmingen)","University (Bachelor, Master, PhD)",Retired,,Yes,No,"Yes – Local or regional seasonal ticket (e.g., IsarCard, 365-Euro-Ticket, or similar)",,its me,173,,8.72,,,12.76,,,3.42,,5.83,,9.71,,,,,,,,,,,,,,,10.32,9.98,5.64,2.42,3.39,2.37,4.99,2.78,3.54,3.78,3.49,,,,,,,,,,,,,,,,,,,,,,,,,,,,,2.33,,36.1,2.4,2.72,3.06,2.23,13.06,3.13,1.83,3.31,,9.69
28,9/11/25 20:19,68,de,181103664,9/11/25 20:04,9/11/25 20:19,,2,Less often (e.g. every few months),(Almost) Never,Min. 1-2 times per year,(Almost) Never,Min. 1-2 times per year,Min. 1-2 times per year,(Almost) Never,(Almost) Never,(Almost) Never,Min. 1-2 times per year,Often,More than 1 month in advance,Rather B,Strongly B,Strongly A,,,,,,,,,,,,,,Train A,Train B,Train B,Train B,Train B,,Train B,Train B,Train A,Train B,Train A,,,,,,,,,,,,,,,,,,,,,,,,,,,51 - 65,Female,Under 1000 €,"Large City (e.g. Berlin, Munich, Stuttgart)",Apprenticeship /Vocational Training,Full or Part time worker,,No,,Yes – Deutschlandticket,,,751.89,,14.37,,,19.21,70.04,63.13,19.3,21.06,62.12,,109.02,,,,,,,,,,,,,,,49.87,20.98,31.26,15,40.13,8.69,28.81,26.16,15.97,13.11,9.71,,,,,,,,,,,,,,,,,,,,,,,,,,,,,14.7,,8.63,6.93,13.29,9.59,9.85,9.08,9.36,,11.07,,21.45
30,9/14/25 20:28,68,en,2091477878,9/14/25 20:22,9/14/25 20:28,,1,Min. 1-2 times per month,Min. 3-5 times per year,Min. 1-2 times per month,Min. 3-5 times per year,(Almost) Never,Min. 1-2 times per year,(Almost) Never,(Almost) Never,Min. 1-2 times per month,Min. 1-2 times per month,In around 50 % of the trips,Up to 3 days before traveling,Rather B,Rather B,Rather A,,Train A,Train B,Train A,Train B,Train B,,Train B,Train A,Train B,Train A,Train B,,,,,,,,,,,,,,,,,,,,,,,,,,,,,,,,,,,,,,,26 - 35,Male,3000 - 4000 €,"Large City (e.g. Berlin, Munich, Stuttgart)","University (Bachelor, Master, PhD)",Full or Part time worker,,Yes,Yes (private or company car),Yes – Deutschlandticket,,,353.41,,3.1,,,7.89,11.94,23.97,10.4,4.01,12.4,,4.31,,16.91,21.68,23.85,5.18,7.45,2.01,129.36,13.59,7.1,4.22,4.59,,,,,,,,,,,,,,,,,,,,,,,,,,,,,,,,,,,,,,,,,,2.23,,3.06,2.54,5.51,3.3,3.63,4.28,2.96,2.27,3.45,,6.22
31,9/14/25 20:38,68,en,395568504,9/14/25 20:29,9/14/25 20:38,,3,Less often (e.g. every few months),Min. 3-5 times per year,Min. 1-2 times per year,Min. 3-5 times per year,Min. 1-2 times per year,Min. 3-5 times per year,(Almost) Never,(Almost) Never,Min. 3-5 times per year,Min. 3-5 times per year,In around 50 % of the trips,Up to 2-4 weeks in advance,Strongly B,Rather B,Rather B,,,,,,,,,,,,,,,,,,,,,,,,,,Train A,Train B,Train B,Train B,Train B,,Train A,Train A,Train A,Train A,Train A,,,,,,,,,,,,,,,36 - 50,Male,Above 4000 €,"Large City (e.g. Berlin, Munich, Stuttgart)","University (Bachelor, Master, PhD)",Full or Part time worker,,Yes,No,Yes – Deutschlandticket,,,543.79,,19.78,,,11.65,27.96,43.37,28.58,8.73,65.34,,58.16,,,,,,,,,,,,,,,,,,,,,,,,,,,,24.24,23.98,34.81,17.69,22.18,3.14,14.29,16.23,7.75,16.87,9.17,,,,,,,,,,,,,,,,2.15,,3.92,3.85,8.94,5.95,6.5,8.18,7.32,5.41,6.66,,30.99
37,9/14/25 21:02,68,en,1457495351,9/14/25 20:36,9/14/25 21:02,,2,Less often (e.g. every few months),Min. 3-5 times per year,Min. 1-2 times per year,Min. 1-2 times per year,(Almost) Never,Min. 1-2 times per year,(Almost) Never,(Almost) Never,Min. 1-2 times per year,Min. 1-2 times per year,In around 50 % of the trips,Up to 2-4 weeks in advance,Rather A,Neutral,Neutral,,,,,,,,,,,,,,Train B,Train A,Train A,Train A,Train A,,Train A,Train A,Train A,Train B,Train A,,,,,,,,,,,,,,,,,,,,,,,,,,,26 - 35,Male,1000 - 2000 €,"Large City (e.g. Berlin, Munich, Stuttgart)","University (Bachelor, Master, PhD)",Full or Part time worker,,Yes,Yes (private or company car),"Yes – Local or regional seasonal ticket (e.g., IsarCard, 365-Euro-Ticket, or similar)",,,1563,,119.94,,,12,39.07,50,11.6,11.91,704,,46.27,,,,,,,,,,,,,,,25.84,20.86,16.73,12.57,22.99,5.15,323.15,17.93,11.01,10.19,10.85,,,,,,,,,,,,,,,,,,,,,,,,,,,,,5.42,,6.73,6.04,9.8,8.11,10.76,5.78,13.36,5.04,9.89,,10.01
44,9/15/25 21:02,68,en,861256774,9/15/25 20:47,9/15/25 21:02,,1,Less often (e.g. every few months),(Almost) Never,Min. 1-2 times per year,Min. 1-2 times per year,Min. 1-2 times per year,Min. 1-2 times per year,(Almost) Never,(Almost) Never,(Almost) Never,(Almost) Never,In around 50 % of the trips,More than 1 month in advance,Rather A,Rather A,Rather A,,Train A,Train B,Train A,Train B,Train B,,Train A,Train A,Train A,Train A,Train A,,,,,,,,,,,,,,,,,,,,,,,,,,,,,,,,,,,,,,,26 - 35,Male,1000 - 2000 €,"Large City (e.g. Berlin, Munich, Stuttgart)","University (Bachelor, Master, PhD)",Student,,No,,Yes – Deutschlandticket,,Its me Syed,958.64,,129.54,,,30.28,27,79.69,9.97,54.21,299.77,,5.04,,14.56,22.21,30.75,25.87,20.43,12.65,15.8,17.3,11.66,7.7,36.62,,,,,,,,,,,,,,,,,,,,,,,,,,,,,,,,,,,,,,,,,,3.51,,6.07,3.99,8.63,11.49,8.45,6.28,3.57,,3.67,,51.93
54,9/17/25 10:16,68,en,1635600855,9/17/25 9:56,9/17/25 10:16,,1,Min. 1-2 times per month,Min. 3-5 times per year,Min. 1-2 times per month,Min. 1-2 times per year,Min. 1-2 times per month,Min. 1-2 times per month,Min. 1-2 times per month,Min. 3-5 times per year,Min. 1-2 times per year,(Almost) Never,Often,Up to 1 week in advance,Neutral,Neutral,Neutral,,Train A,Train B,Train A,Train B,Train A,,Train B,Train A,Train A,Train A,Train B,,,,,,,,,,,,,,,,,,,,,,,,,,,,,,,,,,,,,,,26 - 35,Male,1000 - 2000 €,"Large City (e.g. Berlin, Munich, Stuttgart)","University (Bachelor, Master, PhD)",Full or Part time worker,,No,,No,,,1218.97,,71.93,,,29.45,44.39,210.2,113.14,96.45,88.83,,87.95,,29.05,12.43,75.44,22.28,45.28,10.56,45.09,36.18,49.15,19.15,18.79,,,,,,,,,,,,,,,,,,,,,,,,,,,,,,,,,,,,,,,,,,4.36,,9.01,3.83,24.85,10.18,6.52,12.4,10.04,,21.11,,10.93
59,9/17/25 17:31,68,en,519532839,9/17/25 17:23,9/17/25 17:31,,2,Less often (e.g. every few months),Min. 3-5 times per year,Min. 3-5 times per year,(Almost) Never,Min. 1-2 times per year,(Almost) Never,(Almost) Never,(Almost) Never,Min. 3-5 times per year,Min. 3-5 times per year,Often,Up to 3 days before traveling,Rather B,Neutral,Neutral,,,,,,,,,,,,,,Train A,Train A,Train A,Train A,Train A,,Train A,Train A,Train A,Train A,Train A,,,,,,,,,,,,,,,,,,,,,,,,,,,18 - 25,Male,1000 - 2000 €,"Large City (e.g. Berlin, Munich, Stuttgart)","University (Bachelor, Master, PhD)",Student,,No,,Yes – Deutschlandticket,,,442.85,,8.94,,,63.1,57.62,44.97,10.34,11.76,64,,19.14,,,,,,,,,,,,,,,19.23,10.08,16.9,9.77,8.83,2.73,8.01,7.08,10.74,7.35,5.7,,,,,,,,,,,,,,,,,,,,,,,,,,,,,1.95,,5.83,3.64,6.56,4.96,6.26,9,8.08,,5.2,,5.08
60,9/17/25 17:29,68,en,310762956,9/17/25 17:23,9/17/25 17:29,,3,Min. 1-2 times per week,Min. 1-2 times per year,Min. 1-2 times per month,(Almost) Never,Min. 1-2 times per month,Min. 3-5 times per year,Min. 3-5 times per year,(Almost) Never,(Almost) Never,Min. 1-2 times per year,Often,Up to 2-4 weeks in advance,Neutral,Rather B,Neutral,,,,,,,,,,,,,,,,,,,,,,,,,,Train A,Train B,Train A,Train B,Train B,,Train B,Train B,Train A,Train A,Train A,,,,,,,,,,,,,,,26 - 35,Male,1000 - 2000 €,"Large City (e.g. Berlin, Munich, Stuttgart)","University (Bachelor, Master, PhD)",Student,,No,,Yes – Deutschlandticket,,,337.09,,4.62,,,8.94,36.57,66.11,9.74,11,31.3,,14.2,,,,,,,,,,,,,,,,,,,,,,,,,,,,18.38,12.98,11,18.32,3.69,3.55,6.07,2.77,8.87,3.62,3.18,,,,,,,,,,,,,,,,1.42,,3.78,2.97,13.93,9.06,5.76,7.51,4.05,,3.28,,10.42
63,9/17/25 19:51,68,en,1132235484,9/17/25 19:47,9/17/25 19:51,,3,3+ times per week,Min. 1-2 times per week,Min. 1-2 times per month,Min. 1-2 times per month,Min. 1-2 times per month,Min. 1-2 times per month,Min. 1-2 times per month,Min. 1-2 times per month,Min. 3-5 times per year,Min. 3-5 times per year,Often,Up to 3 days before traveling,Neutral,Neutral,Neutral,,,,,,,,,,,,,,,,,,,,,,,,,,Train A,Train B,Train B,Train A,Train A,,Train A,Train B,Train A,Train B,Train A,,,,,,,,,,,,,,,26 - 35,Male,1000 - 2000 €,"Medium City (e.g. Regensburg, Ingolstadt, Ulm)","University (Bachelor, Master, PhD)",Full or Part time worker,,No,,Yes – Deutschlandticket,,,253.22,,10.02,,,7.5,17.98,8.54,12.9,7.07,15.14,,15.11,,,,,,,,,,,,,,,,,,,,,,,,,,,,12.17,6.07,6.58,6.86,7.7,29.01,6.72,7.98,4.67,7.75,14.86,,,,,,,,,,,,,,,,2.94,,4.37,3.06,4.75,3.96,4.82,5.95,5.37,,9.18,,4.19
70,9/17/25 21:18,68,en,220562346,9/17/25 20:27,9/17/25 21:18,,2,Less often (e.g. every few months),Min. 1-2 times per year,Min. 1-2 times per year,Min. 3-5 times per year,Min. 1-2 times per year,(Almost) Never,(Almost) Never,(Almost) Never,(Almost) Never,(Almost) Never,Rarely,Up to 2-4 weeks in advance,Neutral,Neutral,Rather B,,,,,,,,,,,,,,Train A,Train A,Train A,Train A,Train A,,Train A,Train B,Train A,Train B,Train A,,,,,,,,,,,,,,,,,,,,,,,,,,,26 - 35,Male,2000 - 3000 €,"Large City (e.g. Berlin, Munich, Stuttgart)","University (Bachelor, Master, PhD)",Full or Part time worker,,No,,Yes – Deutschlandticket,,,502.08,,201.66,,,9.94,16.73,25.74,5.76,6.66,53.97,,28.54,,,,,,,,,,,,,,,19.65,7.92,6.42,6.69,12.16,2.32,11.87,8.87,14.69,9.09,4.24,,,,,,,,,,,,,,,,,,,,,,,,,,,,,3.79,,3.59,2.62,7.43,9.52,3.73,5.2,3.83,,3.77,,5.68
73,9/17/25 20:43,68,en,914633250,9/17/25 20:30,9/17/25 20:43,,4,Less often (e.g. every few months),(Almost) Never,Min. 1-2 times per year,Min. 1-2 times per year,(Almost) Never,Min. 1-2 times per year,(Almost) Never,(Almost) Never,(Almost) Never,(Almost) Never,Rarely,Up to 1 week in advance,Neutral,Neutral,Strongly B,,,,,,,,,,,,,,,,,,,,,,,,,,,,,,,,,,,,,,Train B,Train B,Train B,Train B,Train A,,Train A,Train A,Train A,Train A,Train B,,,26 - 35,Male,Under 1000 €,"Large City (e.g. Berlin, Munich, Stuttgart)","University (Bachelor, Master, PhD)",Student,,No,,Yes – Deutschlandticket,,,770.95,,35.14,,,314.67,30.38,28.98,30.44,19.43,31.8,,73.82,,,,,,,,,,,,,,,,,,,,,,,,,,,,,,,,,,,,,,,,,38.3,13.29,15.18,7.95,14.23,3.32,13.53,6.29,13.88,7.98,14.2,,,2.07,,4.99,2.81,13.53,6.51,6.93,5.36,4.32,,4.33,,7.29
74,9/17/25 20:40,68,en,568642740,9/17/25 20:31,9/17/25 20:40,,3,Less often (e.g. every few months),Min. 3-5 times per year,Min. 1-2 times per month,Min. 3-5 times per year,Min. 1-2 times per month,(Almost) Never,(Almost) Never,Min. 1-2 times per year,(Almost) Never,Min. 1-2 times per year,Rarely,Up to 2-4 weeks in advance,Rather B,Rather B,Rather B,,,,,,,,,,,,,,,,,,,,,,,,,,Train B,Train B,Train B,Train A,Train B,,Train A,Train B,Train A,Train B,Train A,,,,,,,,,,,,,,,36 - 50,Male,Above 4000 €,"Large City (e.g. Berlin, Munich, Stuttgart)","University (Bachelor, Master, PhD)",Full or Part time worker,,No,,Yes – Deutschlandticket,,,628.53,,29.71,,,13.59,32.53,70.33,16.07,15.73,56.17,,81.12,,,,,,,,,,,,,,,,,,,,,,,,,,,,39.26,30.1,28.2,13.63,17.87,5.23,15.63,14.63,12.27,12.01,11.51,,,,,,,,,,,,,,,,3.6,,7.14,4.28,8.99,6.6,6.46,8.66,7.45,,7.89,,51.87
76,9/17/25 20:43,68,de,1064531556,9/17/25 20:37,9/17/25 20:43,,2,Min. 1-2 times per week,(Almost) Never,Min. 1-2 times per year,(Almost) Never,Min. 1-2 times per year,(Almost) Never,(Almost) Never,Min. 1-2 times per year,(Almost) Never,Min. 1-2 times per year,(Almost) Never,Up to 1 week in advance,Neutral,Neutral,Neutral,,,,,,,,,,,,,,Train B,Train A,Train A,Train A,Train B,,Train A,Train B,Train A,Train A,Train A,,,,,,,,,,,,,,,,,,,,,,,,,,,18 - 25,Male,Under 1000 €,"Large City (e.g. Berlin, Munich, Stuttgart)","University (Bachelor, Master, PhD)",Student,,Yes,No,Yes – Deutschlandticket,,,384.23,,5.94,,,32.65,23.2,29.82,9.96,6.66,68.79,,21.58,,,,,,,,,,,,,,,28.64,18.29,16.92,6.65,13.7,2.06,13.33,7.26,6.86,10.57,10.1,,,,,,,,,,,,,,,,,,,,,,,,,,,,,1.36,,3.33,2.39,4.71,4.12,4.04,3.59,3.44,3.71,6.7,,13.86
98,9/17/25 21:13,68,en,914624230,9/17/25 21:03,9/17/25 21:13,,4,Min. 1-2 times per month,Min. 3-5 times per year,Min. 1-2 times per month,Min. 1-2 times per year,Min. 1-2 times per month,(Almost) Never,(Almost) Never,Min. 1-2 times per year,(Almost) Never,(Almost) Never,Often,Up to 1 week in advance,Neutral,Rather A,Neutral,,,,,,,,,,,,,,,,,,,,,,,,,,,,,,,,,,,,,,Train A,Train B,Train A,Train B,Train A,,Train A,Train A,Train A,Train A,Train B,,,36 - 50,Male,Above 4000 €,"Medium City (e.g. Regensburg, Ingolstadt, Ulm)","University (Bachelor, Master, PhD)",Full or Part time worker,,No,,Yes – Deutschlandticket,,"Long distance trains are better booked earlier atleast 3 weeks before the journey.
German trains have now improved a lot. ",657.66,,43.15,,,18.62,45.67,53.81,54.5,11.59,49.7,,76.5,,,,,,,,,,,,,,,,,,,,,,,,,,,,,,,,,,,,,,,,,28.13,13.27,14.64,8.67,22.63,4.47,8.69,22.83,20.2,15.03,8.78,,,5.07,,5.34,6.53,10.62,14.81,6.55,5.98,6.34,,8.24,,67.3
105,9/17/25 21:44,68,en,1128844681,9/17/25 21:33,9/17/25 21:44,,2,Less often (e.g. every few months),Min. 3-5 times per year,Min. 3-5 times per year,Min. 3-5 times per year,Min. 1-2 times per year,Min. 1-2 times per year,(Almost) Never,(Almost) Never,(Almost) Never,Min. 3-5 times per year,In around 50 % of the trips,Up to 2-4 weeks in advance,Rather A,Rather A,Rather A,,,,,,,,,,,,,,Train B,Train A,Train B,Train A,Train B,,Train A,Train B,Train B,Train B,Train A,,,,,,,,,,,,,,,,,,,,,,,,,,,36 - 50,Male,3000 - 4000 €,"Large City (e.g. Berlin, Munich, Stuttgart)","University (Bachelor, Master, PhD)",Full or Part time worker,,Yes,No,Yes – Deutschlandticket,,,721.39,,27.78,,,14.38,197.8,47.75,12.71,13.72,44.45,,64.58,,,,,,,,,,,,,,,16.13,9.82,19.29,7.11,8.89,3.79,15.36,18.85,33.47,15.4,7.17,,,,,,,,,,,,,,,,,,,,,,,,,,,,,2.46,,8.33,3.02,41.43,7.89,6.83,11.38,5.01,26.51,7.02,,23.06
109,9/17/25 22:20,68,en,207106383,9/17/25 22:11,9/17/25 22:20,,1,Less often (e.g. every few months),Min. 1-2 times per year,(Almost) Never,Min. 1-2 times per year,Min. 1-2 times per year,(Almost) Never,(Almost) Never,(Almost) Never,Min. 3-5 times per year,(Almost) Never,(Almost) Never,Up to 2-4 weeks in advance,Neutral,Rather B,Rather A,,Train A,Train B,Train B,Train B,Train B,,Train A,Train A,Train B,Train A,Train B,,,,,,,,,,,,,,,,,,,,,,,,,,,,,,,,,,,,,,,36 - 50,Male,Above 4000 €,"Large City (e.g. Berlin, Munich, Stuttgart)","University (Bachelor, Master, PhD)",Full or Part time worker,,Yes,Yes (private or company car),No,,,616.79,,30.78,,,13.67,36.88,60.84,28.47,12.32,50.98,,128.37,,49.46,7.86,17.25,8.77,16.4,2.69,26.68,10.63,10.77,7.77,25.7,,,,,,,,,,,,,,,,,,,,,,,,,,,,,,,,,,,,,,,,,,2.42,,7.27,4.62,8.1,8.2,5.51,7.43,5.92,6.49,6.5,,8.04
111,9/17/25 23:15,68,en,848361331,9/17/25 22:59,9/17/25 23:15,,1,Less often (e.g. every few months),Min. 1-2 times per year,(Almost) Never,Min. 1-2 times per year,3+ times per week,(Almost) Never,(Almost) Never,(Almost) Never,Min. 1-2 times per month,(Almost) Never,Rarely,Up to 1 week in advance,Rather A,Neutral,Rather B,,Train A,Train A,Train A,Train B,Train A,,Train B,Train A,Train A,Train A,Train A,,,,,,,,,,,,,,,,,,,,,,,,,,,,,,,,,,,,,,,18 - 25,Male,1000 - 2000 €,Rural Area,"University (Bachelor, Master, PhD)",Other,working student ,Yes,Yes (private or company car),Yes – Deutschlandticket,,"I commute with the Regional Bahn frequently (ca. 30 km to Munich). This is not included/excluded in the survey as an edge case, but this form of travel is different from the standard ÖPVN and long distance intercity train.",1375.42,,44.95,,,13.47,53.43,127.32,27.99,11,47.5,,52,,30.68,27.54,18.95,9.92,28.06,2.8,31.15,8.71,11.42,11.56,14.94,,,,,,,,,,,,,,,,,,,,,,,,,,,,,,,,,,,,,,,,,,4.89,,5.01,4.38,12.26,16.56,7.15,27.63,10.69,4.24,8.01,,701.21
118,9/18/25 1:19,68,en,136963081,9/18/25 1:14,9/18/25 1:19,,1,Min. 1-2 times per month,(Almost) Never,Min. 1-2 times per month,Min. 1-2 times per year,Min. 1-2 times per month,(Almost) Never,(Almost) Never,(Almost) Never,Min. 1-2 times per month,(Almost) Never,Often,Up to 3 days before traveling,Strongly A,Rather A,Rather B,,Train A,Train B,Train A,Train B,Train A,,Train B,Train A,Train B,Train A,Train B,,,,,,,,,,,,,,,,,,,,,,,,,,,,,,,,,,,,,,,18 - 25,Male,2000 - 3000 €,"Small Town (e.g. Freising, Dachau, Memmingen)",Apprenticeship /Vocational Training,Full or Part time worker,,Yes,Yes (private or company car),Yes – Deutschlandticket,,,316.97,,20.62,,,8.1,16.77,31.27,7.81,19.37,16.3,,34.17,,12.73,12.91,15.57,6.69,25.84,2.8,9.99,5.69,5.91,7.64,10.73,,,,,,,,,,,,,,,,,,,,,,,,,,,,,,,,,,,,,,,,,,3.27,,2.94,3.35,4.11,5.89,6.53,4.35,3.24,2.76,4.5,,5.12
119,9/18/25 2:25,68,en,1414445993,9/18/25 2:15,9/18/25 2:25,,2,Less often (e.g. every few months),(Almost) Never,Min. 3-5 times per year,Min. 1-2 times per year,(Almost) Never,Min. 1-2 times per year,(Almost) Never,(Almost) Never,(Almost) Never,(Almost) Never,Rarely,Up to 2-4 weeks in advance,Rather A,Rather B,Rather A,,,,,,,,,,,,,,Train B,Train A,Train B,Train A,Train B,,Train A,Train A,Train A,Train A,Train A,,,,,,,,,,,,,,,,,,,,,,,,,,,18 - 25,Female,Prefer not to answer,"Large City (e.g. Berlin, Munich, Stuttgart)",High School,Student,,Yes,No,Yes – Deutschlandticket,,,618.72,,8.79,,,21.06,57.3,55.94,10.61,11.01,35.48,,107.77,,,,,,,,,,,,,,,37.65,39.7,18.47,9.15,33.99,4.19,14.42,36.54,7.99,8.42,10.37,,,,,,,,,,,,,,,,,,,,,,,,,,,,,2.64,,3.25,2.8,5.86,35.08,9.05,6.89,4.79,4.28,6.52,,8.71
122,9/18/25 9:09,68,en,1540012693,9/18/25 8:53,9/18/25 9:09,,1,Less often (e.g. every few months),(Almost) Never,Min. 3-5 times per year,Min. 1-2 times per year,Min. 3-5 times per year,Min. 1-2 times per year,(Almost) Never,Min. 1-2 times per year,(Almost) Never,Min. 1-2 times per year,In around 50 % of the trips,Up to 1 week in advance,Rather A,Neutral,Rather A,,Train A,Train B,Train A,Train B,Train A,,Train B,Train A,Train B,Train A,Train B,,,,,,,,,,,,,,,,,,,,,,,,,,,,,,,,,,,,,,,18 - 25,Male,1000 - 2000 €,"Large City (e.g. Berlin, Munich, Stuttgart)","University (Bachelor, Master, PhD)",Student,,No,,Yes – Deutschlandticket,,"I always prefer a cost effective option since my budget is not really that big. Especially in non time critical situations I would take on a delay always, if it would mean the cost would be reduced",1271.12,,401.79,,,13.91,27.76,30.54,15.68,7.46,45.08,,77.04,,19.97,15.81,10.83,7.08,9.28,3.25,9.99,5.8,8.12,3.88,5.08,,,,,,,,,,,,,,,,,,,,,,,,,,,,,,,,,,,,,,,,,,4.32,,2.82,3.58,5.11,6.62,3.78,7.77,7.05,,2.91,,508.81
126,9/18/25 10:32,68,en,1081315819,9/18/25 10:25,9/18/25 10:32,,4,Min. 1-2 times per month,(Almost) Never,Min. 1-2 times per month,(Almost) Never,(Almost) Never,(Almost) Never,(Almost) Never,(Almost) Never,(Almost) Never,(Almost) Never,(Almost) Always,On the day of traveling,Rather A,Rather B,Neutral,,,,,,,,,,,,,,,,,,,,,,,,,,,,,,,,,,,,,,Train A,Train B,Train B,Train B,Train A,,Train A,Train B,Train B,Train B,Train B,,,18 - 25,Prefer not to answer,Prefer not to answer,"Small Town (e.g. Freising, Dachau, Memmingen)",High School,Other,gig economy worker,No,,Other,De Lijn disability card + NS Flex dal voordeel,Please don't only focus on Germany next time if you are marketing this to an international audience on reddit,479.15,,13.73,,,15.11,14.87,28.52,14.75,8.55,29.64,,19.43,,,,,,,,,,,,,,,,,,,,,,,,,,,,,,,,,,,,,,,,,20.29,12.77,13.29,11.01,8.3,2.78,12.06,9.75,9.38,9.61,9.95,,,3.36,,3.96,3.25,6.73,5.68,11.19,25.92,8.76,,26.26,,120.25
128,9/18/25 11:05,68,en,1671344472,9/18/25 10:56,9/18/25 11:05,,1,Min. 1-2 times per week,Min. 1-2 times per month,Min. 1-2 times per week,3+ times per week,Min. 1-2 times per week,Min. 1-2 times per year,(Almost) Never,Min. 1-2 times per year,Min. 1-2 times per week,Min. 1-2 times per year,Often,More than 1 month in advance,Rather A,Rather B,Rather A,,Train A,Train A,Train A,Train B,Train B,,Train B,Train A,Train A,Train A,Train B,,,,,,,,,,,,,,,,,,,,,,,,,,,,,,,,,,,,,,,18 - 25,Female,Prefer not to answer,"Medium City (e.g. Regensburg, Ingolstadt, Ulm)","University (Bachelor, Master, PhD)",Student,,Yes,Yes (private or company car),Yes – Deutschlandticket,,,607.08,,8.04,,,29.1,22.44,80.83,15.11,16.64,69.8,,66.6,,22.13,26.5,23.23,17.12,35.64,2.9,19.62,13.05,27.49,11.91,13.05,,,,,,,,,,,,,,,,,,,,,,,,,,,,,,,,,,,,,,,,,,3.88,,4.17,2.92,6.04,13.9,18.33,6.46,8.83,4.14,10.51,,6.7
130,9/18/25 12:04,68,en,1045840551,9/18/25 11:51,9/18/25 12:04,,3,Less often (e.g. every few months),(Almost) Never,Min. 1-2 times per year,Min. 1-2 times per year,Min. 1-2 times per year,Min. 1-2 times per year,(Almost) Never,(Almost) Never,Min. 3-5 times per year,(Almost) Never,In around 50 % of the trips,Up to 1 week in advance,Neutral,Rather B,Neutral,,,,,,,,,,,,,,,,,,,,,,,,,,Train A,Train B,Train B,Train A,Train A,,Train A,Train B,Train A,Train B,Train A,,,,,,,,,,,,,,,36 - 50,Male,Above 4000 €,"Large City (e.g. Berlin, Munich, Stuttgart)","University (Bachelor, Master, PhD)",Full or Part time worker,,Yes,Yes (private or company car),Yes – Deutschlandticket,,,782.29,,4.56,,,22.78,27.11,75.38,19.62,14.03,69.58,,124.04,,,,,,,,,,,,,,,,,,,,,,,,,,,,35.02,49.77,20.85,13.46,41.37,7.08,11.23,110.44,23.39,17.68,12.9,,,,,,,,,,,,,,,,5.94,,5.74,4.94,8.42,13.46,6.17,7.27,6.9,6.39,8.17,,8.6
136,9/18/25 13:29,68,en,1481251566,9/18/25 13:19,9/18/25 13:29,,4,Less often (e.g. every few months),Min. 1-2 times per year,Min. 1-2 times per year,Min. 1-2 times per year,Min. 1-2 times per year,Min. 1-2 times per year,Min. 1-2 times per year,Min. 1-2 times per year,3+ times per week,Min. 1-2 times per year,Often,Up to 1 week in advance,Neutral,Neutral,Neutral,,,,,,,,,,,,,,,,,,,,,,,,,,,,,,,,,,,,,,Train B,Train B,Train A,Train B,Train B,,Train A,Train B,Train B,Train A,Train B,,,36 - 50,Male,Above 4000 €,"Large City (e.g. Berlin, Munich, Stuttgart)","University (Bachelor, Master, PhD)",Full or Part time worker,,Yes,Yes (private or company car),No,,,620.63,,52.14,,,14.92,41.23,32.47,18.79,17.33,66.22,,55.94,,,,,,,,,,,,,,,,,,,,,,,,,,,,,,,,,,,,,,,,,80.06,11.39,23.89,24.79,33.22,10.56,17.68,6.33,22.94,10.28,8.31,,,2.97,,3.94,3.83,9.81,17.45,4.9,7.15,6.39,4.09,4.99,,6.62
139,9/18/25 14:14,68,en,1630384626,9/18/25 14:11,9/18/25 14:14,,2,3+ times per week,3+ times per week,Min. 1-2 times per week,Min. 1-2 times per week,Min. 1-2 times per week,Min. 1-2 times per week,Min. 1-2 times per year,Min. 1-2 times per year,(Almost) Never,Min. 1-2 times per year,(Almost) Never,Up to 1 week in advance,Strongly B,Strongly B,Strongly A,,,,,,,,,,,,,,Train B,Train B,Train B,Train B,Train B,,Train B,Train B,Train B,Train B,Train B,,,,,,,,,,,,,,,,,,,,,,,,,,,18 - 25,Male,Under 1000 €,"Medium City (e.g. Regensburg, Ingolstadt, Ulm)","University (Bachelor, Master, PhD)",Student,,No,,Yes – Deutschlandticket,,,167.15,,6.21,,,5.23,16.48,21.76,7.36,3.76,20.02,,11.39,,,,,,,,,,,,,,,8.42,5,3.01,3.92,4.5,3.17,3.77,3.27,2.31,2.22,1.98,,,,,,,,,,,,,,,,,,,,,,,,,,,,,1.63,,3.99,1.68,3.34,5.26,3.03,2.43,4.7,,2.68,,4.63
142,9/18/25 16:55,68,en,1569742862,9/18/25 16:49,9/18/25 16:55,,2,Min. 1-2 times per month,3+ times per week,Min. 1-2 times per month,Min. 1-2 times per month,Min. 1-2 times per month,Min. 1-2 times per year,(Almost) Never,Min. 1-2 times per year,Min. 1-2 times per week,Min. 3-5 times per year,(Almost) Never,More than 1 month in advance,Strongly A,Rather A,Strongly A,,,,,,,,,,,,,,Train B,Train A,Train B,Train A,Train A,,Train A,Train B,Train A,Train B,Train A,,,,,,,,,,,,,,,,,,,,,,,,,,,26 - 35,Female,Under 1000 €,"Large City (e.g. Berlin, Munich, Stuttgart)","University (Bachelor, Master, PhD)",Other,Minijob,Yes,Yes (private or company car),Yes – Deutschlandticket,,,413.4,,5.23,,,8.77,28.32,54.09,8.82,11.63,41.14,,57.11,,,,,,,,,,,,,,,17.16,6.34,19.29,8.48,20.42,4.32,9.3,13.34,5.67,9.01,8.96,,,,,,,,,,,,,,,,,,,,,,,,,,,,,6.03,,3.08,2.58,5.76,5.38,5.44,14.21,4.17,6.71,5.44,,17.2
153,9/19/25 10:57,68,en,125367517,9/19/25 10:49,9/19/25 10:57,,2,Less often (e.g. every few months),Min. 1-2 times per year,Min. 1-2 times per year,Min. 1-2 times per year,Min. 1-2 times per year,(Almost) Never,(Almost) Never,Min. 1-2 times per year,(Almost) Never,Min. 3-5 times per year,Often,Up to 2-4 weeks in advance,Rather A,Neutral,Rather A,,,,,,,,,,,,,,Train B,Train A,Train A,Train A,Train B,,Train B,Train A,Train B,Train B,Train A,,,,,,,,,,,,,,,,,,,,,,,,,,,26 - 35,Male,3000 - 4000 €,"Large City (e.g. Berlin, Munich, Stuttgart)","University (Bachelor, Master, PhD)",Full or Part time worker,,Yes,No,Yes – Deutschlandticket,,,507.98,,21.06,,,6.82,130.92,19.68,8.05,5.36,43.72,,14.13,,,,,,,,,,,,,,,18.98,6.75,27.56,13.09,19.46,2.54,7.16,9.73,10.49,7.18,6.85,,,,,,,,,,,,,,,,,,,,,,,,,,,,,4.26,,6.57,5.24,12.35,5.17,3.99,4.38,44.05,4.27,33.38,,4.79
159,9/19/25 11:43,68,en,1457536589,9/19/25 11:34,9/19/25 11:43,,2,Less often (e.g. every few months),Min. 3-5 times per year,(Almost) Never,Min. 1-2 times per year,Min. 1-2 times per year,(Almost) Never,(Almost) Never,(Almost) Never,3+ times per week,Min. 1-2 times per year,(Almost) Always,Up to 1 week in advance,Strongly A,Strongly B,Strongly A,,,,,,,,,,,,,,Train B,Train B,Train B,Train A,Train A,,Train B,Train B,Train B,Train B,Train B,,,,,,,,,,,,,,,,,,,,,,,,,,,36 - 50,Male,Above 4000 €,"Large City (e.g. Berlin, Munich, Stuttgart)","University (Bachelor, Master, PhD)",Full or Part time worker,,Yes,Yes (private or company car),No,,,557.93,,21.93,,,22.2,60.98,51.81,12.73,10.9,73.59,,76.06,,,,,,,,,,,,,,,26.87,14.09,19.17,17.11,24.07,5.87,9.16,5.34,4.83,7.97,5.83,,,,,,,,,,,,,,,,,,,,,,,,,,,,,12.48,,7.78,6.36,14.53,9.57,5.23,7.34,4.48,3.56,5.07,,11.02
160,9/19/25 14:19,68,de,384606267,9/19/25 14:07,9/19/25 14:19,,3,Min. 1-2 times per month,(Almost) Never,Min. 1-2 times per month,Min. 1-2 times per year,Min. 1-2 times per month,(Almost) Never,(Almost) Never,(Almost) Never,Min. 1-2 times per week,(Almost) Never,Often,Up to 1 week in advance,Neutral,Rather B,Rather A,,,,,,,,,,,,,,,,,,,,,,,,,,Train A,Train B,Train B,Train B,Train B,,Train A,Train B,Train B,Train B,Train A,,,,,,,,,,,,,,,18 - 25,Female,Under 1000 €,Rural Area,"University (Bachelor, Master, PhD)",Student,,Yes,Yes (private or company car),Yes – Deutschlandticket,,,705.82,,13.78,,,57.23,67.17,49.47,23.12,9.26,45.76,,149.96,,,,,,,,,,,,,,,,,,,,,,,,,,,,28.25,13.3,16.05,16.22,13.37,5.43,21.77,9.47,23.19,30.29,22.21,,,,,,,,,,,,,,,,14.76,,6.12,3.03,5.95,12.26,8.61,11.49,5.06,4.42,6.81,,12.01
169,9/21/25 13:09,68,en,1552748096,9/21/25 13:06,9/21/25 13:09,,1,Less often (e.g. every few months),Min. 1-2 times per year,Min. 1-2 times per year,Min. 1-2 times per year,Min. 1-2 times per year,Min. 1-2 times per year,Min. 1-2 times per year,Min. 1-2 times per year,Min. 1-2 times per year,Min. 1-2 times per year,(Almost) Never,More than 1 month in advance,Neutral,Neutral,Neutral,,Train B,Train B,Train B,Train B,Train B,,Train B,Train B,Train B,Train B,Train B,,,,,,,,,,,,,,,,,,,,,,,,,,,,,,,,,,,,,,,Prefer not to answer,Prefer not to answer,Prefer not to answer,Prefer not to answer,Prefer not to answer,Prefer not to answer,,Yes,Yes (private or company car),No,,,201.89,,8.21,,,5.4,13.23,13.09,7.8,7.45,10.48,,23.87,,7.51,4.71,4.92,4.28,5.96,3.96,7.47,4.09,2.78,3.68,3.33,,,,,,,,,,,,,,,,,,,,,,,,,,,,,,,,,,,,,,,,,,3.21,,3.62,2.67,5.3,3.99,2.52,2.53,9.21,3.15,6.94,,16.53
172,9/22/25 18:44,68,de,1588604716,9/22/25 18:32,9/22/25 18:44,,2,Less often (e.g. every few months),Min. 1-2 times per year,Min. 3-5 times per year,Min. 1-2 times per year,Min. 3-5 times per year,(Almost) Never,(Almost) Never,(Almost) Never,(Almost) Never,(Almost) Never,In around 50 % of the trips,Up to 2-4 weeks in advance,Rather A,Neutral,Strongly A,,,,,,,,,,,,,,Train B,Train A,Train A,Train A,Train A,,Train A,Train A,Train A,Train B,Train A,,,,,,,,,,,,,,,,,,,,,,,,,,,18 - 25,Female,1000 - 2000 €,"Small Town (e.g. Freising, Dachau, Memmingen)","University (Bachelor, Master, PhD)",Full or Part time worker,,No,,Yes – Deutschlandticket,,"Das wäre ja großartig, wenn ich das Verspätungsrisiko vorher wüsste. xD. Ehrlich gesagt war mein Gedanke bei den Szenarien, wenn ich vorher weiß, dass es sein kann, dass die Fahrt sich um eine oder zwei Stunden verzögert, dann nehme ich halt den Zug eine bzw. zwei Stunden früher. Eine Stunde ist eigtl. schon Standard, wenn ich pünktlich sein muss, und zwei Stunden früher bin ich auch schon oft gefahren.",1000.46,,24.63,,,10.06,30.52,31.32,8.72,11.2,38.19,,26.28,,,,,,,,,,,,,,,18.98,15.59,35.05,18.31,33.5,3.47,12.28,13.92,18.9,26.17,13.09,,,,,,,,,,,,,,,,,,,,,,,,,,,,,3.65,,5.04,4.64,7.25,131.53,8.11,4.86,6.94,,7.29,,430.97
174,9/23/25 14:21,68,de,1059892938,9/23/25 14:16,9/23/25 14:21,,2,Less often (e.g. every few months),Min. 1-2 times per year,Min. 3-5 times per year,Min. 3-5 times per year,Min. 3-5 times per year,Min. 3-5 times per year,(Almost) Never,(Almost) Never,3+ times per week,Min. 1-2 times per year,In around 50 % of the trips,Up to 2-4 weeks in advance,Rather B,Rather B,Strongly A,,,,,,,,,,,,,,Train B,Train B,Train B,Train B,Train B,,Train A,Train B,Train B,Train B,Train B,,,,,,,,,,,,,,,,,,,,,,,,,,,18 - 25,Female,1000 - 2000 €,Rural Area,"University (Bachelor, Master, PhD)",Student,,Yes,Yes (private or company car),No,,,325.5,,40.54,,,9.2,34.67,29.75,7.5,5,40.8,,27.93,,,,,,,,,,,,,,,11.29,8.29,14.41,6.63,8.89,4.36,9.02,10.56,4.83,4.58,4.4,,,,,,,,,,,,,,,,,,,,,,,,,,,,,2.24,,3.96,2.84,4.29,4.62,4.53,3.16,3.46,2.77,3.95,,7.03
175,9/23/25 16:48,68,de,1418125226,9/23/25 16:38,9/23/25 16:48,,1,Min. 1-2 times per month,Min. 3-5 times per year,Min. 1-2 times per month,(Almost) Never,Min. 1-2 times per week,(Almost) Never,(Almost) Never,(Almost) Never,(Almost) Never,(Almost) Never,Often,More than 1 month in advance,Strongly A,Strongly A,Neutral,,Train A,Train B,Train B,Train B,Train B,,Train B,Train A,Train B,Train A,Train B,,,,,,,,,,,,,,,,,,,,,,,,,,,,,,,,,,,,,,,18 - 25,Female,Under 1000 €,"Small Town (e.g. Freising, Dachau, Memmingen)",High School,Student,,Yes,No,Yes – Deutschlandticket,,,592.71,,13.89,,,56.03,79.55,28.16,18.28,29.26,70.77,,34.21,,15.23,28.89,31.55,10.15,14.66,10.22,12.07,10.9,6.71,19.94,7.77,,,,,,,,,,,,,,,,,,,,,,,,,,,,,,,,,,,,,,,,,,3.63,,3.86,3.57,6.57,14.74,13.11,6.94,18.67,6.02,4.63,,12.73
177,9/23/25 17:40,68,de,2042224621,9/23/25 17:34,9/23/25 17:40,,3,Min. 1-2 times per month,(Almost) Never,Min. 1-2 times per month,Min. 1-2 times per month,(Almost) Never,(Almost) Never,(Almost) Never,(Almost) Never,Min. 3-5 times per year,(Almost) Never,(Almost) Never,Up to 2-4 weeks in advance,Neutral,Rather B,Rather A,,,,,,,,,,,,,,,,,,,,,,,,,,Train B,Train B,Train B,Train A,Train B,,Train A,Train B,Train A,Train B,Train A,,,,,,,,,,,,,,,18 - 25,Female,Under 1000 €,"Large City (e.g. Berlin, Munich, Stuttgart)","University (Bachelor, Master, PhD)",Student,,Yes,Yes (private or company car),"Yes – Local or regional seasonal ticket (e.g., IsarCard, 365-Euro-Ticket, or similar)",,,406.84,,4.78,,,3.77,31.38,36.63,9.57,8.11,31.24,,55.33,,,,,,,,,,,,,,,,,,,,,,,,,,,,27.44,13.07,11.35,18.43,7.89,5.22,10.1,9.05,11.04,9.1,14.56,,,,,,,,,,,,,,,,4.09,,6.2,7.78,9.61,8.07,11.23,5.87,5.93,6.23,11.45,,12.32
178,9/24/25 2:39,68,en,1320866087,9/24/25 2:28,9/24/25 2:39,,4,Less often (e.g. every few months),(Almost) Never,Min. 1-2 times per year,Min. 3-5 times per year,Min. 1-2 times per year,Min. 1-2 times per year,(Almost) Never,(Almost) Never,(Almost) Never,Min. 1-2 times per year,Often,Up to 3 days before traveling,Neutral,Rather B,Strongly A,,,,,,,,,,,,,,,,,,,,,,,,,,,,,,,,,,,,,,Train A,Train B,Train B,Train B,Train A,,Train A,Train B,Train B,Train A,Train B,,,26 - 35,Female,2000 - 3000 €,"Large City (e.g. Berlin, Munich, Stuttgart)","University (Bachelor, Master, PhD)",Full or Part time worker,,No,,Yes – Deutschlandticket,,,671.28,,42.38,,,19.92,65.63,57.21,19.82,8.88,72.77,,103.76,,,,,,,,,,,,,,,,,,,,,,,,,,,,,,,,,,,,,,,,,33.37,22.43,49.18,8.23,21.48,4.81,14.72,8.5,6.64,13.58,8.79,,,4.09,,11.53,3.71,10.53,6.84,7.5,14.11,12.95,,5.32,,12.6
183,9/26/25 15:24,68,de,1200355872,9/26/25 15:19,9/26/25 15:24,,2,3+ times per week,(Almost) Never,Min. 1-2 times per year,(Almost) Never,Min. 3-5 times per year,Min. 1-2 times per year,Min. 1-2 times per month,Min. 3-5 times per year,Min. 1-2 times per year,Min. 1-2 times per month,Rarely,Up to 3 days before traveling,Strongly A,Neutral,Rather B,,,,,,,,,,,,,,Train A,Train B,Train A,Train B,Train B,,Train A,Train A,Train B,Train B,Train B,,,,,,,,,,,,,,,,,,,,,,,,,,,Under 18,Female,2000 - 3000 €,"Medium City (e.g. Regensburg, Ingolstadt, Ulm)","University (Bachelor, Master, PhD)",Student,,No,,Other,,Fake answers,326.61,,162.54,,,11.43,5.15,11.15,4.8,6.24,6.56,,4.45,,,,,,,,,,,,,,,6,3.99,4.13,3.9,4.48,2.89,4.74,4.29,4.27,3.91,4.01,,,,,,,,,,,,,,,,,,,,,,,,,,,,,2.05,,3.64,4.08,3.84,4.31,3.34,3.54,6.62,,4.74,,31.52
186,9/27/25 0:07,68,en,1531023207,9/26/25 23:58,9/27/25 0:07,,2,Less often (e.g. every few months),(Almost) Never,Min. 3-5 times per year,(Almost) Never,(Almost) Never,Min. 3-5 times per year,(Almost) Never,(Almost) Never,Min. 3-5 times per year,(Almost) Never,Often,Up to 2-4 weeks in advance,Rather A,Rather B,Strongly A,,,,,,,,,,,,,,Train A,Train A,Train A,Train A,Train A,,Train A,Train A,Train A,Train A,Train A,,,,,,,,,,,,,,,,,,,,,,,,,,,18 - 25,Male,Prefer not to answer,"Large City (e.g. Berlin, Munich, Stuttgart)","University (Bachelor, Master, PhD)",Self-employed/ Own Business,,Yes,Yes (private or company car),No,,It’s best to pay less for DB if you can. It’s not important how much the ticket price is and they will regardless disappoint you.,688.45,,23.58,,,21.84,24.27,26.11,10.05,11.91,55.22,,35.08,,,,,,,,,,,,,,,30.08,29.85,38.8,18.17,20.76,8.84,10.2,8.79,9.01,3.31,3.81,,,,,,,,,,,,,,,,,,,,,,,,,,,,,5.26,,4.17,2.79,20.44,9.34,4.53,10.53,4.2,3.65,6.16,,227.7
187,9/28/25 3:04,68,en,19787680,9/28/25 2:49,9/28/25 3:04,,3,Less often (e.g. every few months),(Almost) Never,Min. 1-2 times per year,Min. 1-2 times per year,Min. 1-2 times per year,Min. 1-2 times per year,(Almost) Never,(Almost) Never,(Almost) Never,(Almost) Never,In around 50 % of the trips,Up to 1 week in advance,Neutral,Rather B,Rather A,,,,,,,,,,,,,,,,,,,,,,,,,,Train B,Train B,Train B,Train B,Train B,,Train B,Train A,Train A,Train A,Train B,,,,,,,,,,,,,,,Above 65,Male,3000 - 4000 €,"Medium City (e.g. Regensburg, Ingolstadt, Ulm)","University (Bachelor, Master, PhD)",Retired,,Yes,Yes (private or company car),"Yes – Local or regional seasonal ticket (e.g., IsarCard, 365-Euro-Ticket, or similar)",,,880.35,,10.72,,,25.22,35,69.2,26.02,48.42,108.72,,30.79,,,,,,,,,,,,,,,,,,,,,,,,,,,,42.23,29.33,14.69,11.13,71.29,2.34,76.29,24.83,16.8,17.28,24.25,,,,,,,,,,,,,,,,2.65,,11.68,7.32,63.26,27.27,11.04,24.94,7.11,7.2,17.57,,15.76
189,9/29/25 21:35,68,en,223530537,9/29/25 21:29,9/29/25 21:35,,2,Min. 1-2 times per month,Min. 3-5 times per year,Min. 1-2 times per month,(Almost) Never,Min. 1-2 times per month,(Almost) Never,(Almost) Never,(Almost) Never,(Almost) Never,(Almost) Never,Rarely,On the day of traveling,Rather A,Rather A,Rather B,,,,,,,,,,,,,,Train B,Train B,Train B,Train A,Train B,,Train A,Train A,Train A,Train B,Train A,,,,,,,,,,,,,,,,,,,,,,,,,,,26 - 35,Male,Under 1000 €,"Large City (e.g. Berlin, Munich, Stuttgart)","University (Bachelor, Master, PhD)",Student,,No,,Yes – Deutschlandticket,,,387.37,,13.11,,,21.16,20.89,57.22,15.83,21.05,42.88,,30.41,,,,,,,,,,,,,,,19.14,17.16,7.6,16.07,13.64,4.14,9.53,6.14,6.92,5.28,4.87,,,,,,,,,,,,,,,,,,,,,,,,,,,,,2.59,,5.57,4.64,7.86,7.34,5.44,8.06,4.84,,4.77,,3.22
194,10/1/25 14:04,68,en,1380146571,10/1/25 13:54,10/1/25 14:04,,3,Less often (e.g. every few months),(Almost) Never,Min. 3-5 times per year,Min. 1-2 times per year,Min. 1-2 times per year,Min. 1-2 times per year,(Almost) Never,(Almost) Never,Min. 1-2 times per year,(Almost) Never,Often,Up to 2-4 weeks in advance,Neutral,Rather B,Rather B,,,,,,,,,,,,,,,,,,,,,,,,,,Train A,Train B,Train B,Train A,Train B,,Train B,Train B,Train A,Train B,Train A,,,,,,,,,,,,,,,26 - 35,Male,1000 - 2000 €,"Large City (e.g. Berlin, Munich, Stuttgart)","University (Bachelor, Master, PhD)",Student,,No,,Yes – Deutschlandticket,,,639.28,,73.45,,,18.26,30.61,40.43,14.98,12.35,45.33,,115.09,,,,,,,,,,,,,,,,,,,,,,,,,,,,26.65,18.75,19.87,15.38,22.78,6.54,24.3,13.26,20.73,16.59,18.4,,,,,,,,,,,,,,,,10.28,,7.14,3.11,7.61,13.05,8.91,11.36,5.38,,9.13,,9.56
200,10/5/25 17:20,68,en,786302835,10/5/25 17:12,10/5/25 17:20,,2,Min. 1-2 times per month,Min. 3-5 times per year,Min. 3-5 times per year,Min. 1-2 times per year,Min. 1-2 times per month,Min. 1-2 times per year,(Almost) Never,(Almost) Never,(Almost) Never,Min. 1-2 times per year,Often,More than 1 month in advance,Rather A,Rather B,Rather A,,,,,,,,,,,,,,Train B,Train A,Train B,Train A,Train A,,Train A,Train B,Train A,Train B,Train A,,,,,,,,,,,,,,,,,,,,,,,,,,,26 - 35,Female,2000 - 3000 €,"Large City (e.g. Berlin, Munich, Stuttgart)","University (Bachelor, Master, PhD)",Full or Part time worker,,No,,Yes – Deutschlandticket,,,497.21,,19.2,,,25.52,30.96,28.51,15.18,10.87,47.4,,50.19,,,,,,,,,,,,,,,43.43,13.33,35.46,13.26,24.45,4.94,9.73,32.13,9.17,10.18,11.69,,,,,,,,,,,,,,,,,,,,,,,,,,,,,2.86,,5.33,4.07,8.05,5.98,4.66,9.53,5.75,,6.62,,8.76
204,10/6/25 17:00,68,en,652064464,10/6/25 16:56,10/6/25 17:00,,4,Less often (e.g. every few months),3+ times per week,3+ times per week,(Almost) Never,Min. 1-2 times per month,Min. 1-2 times per year,(Almost) Never,(Almost) Never,(Almost) Never,Min. 1-2 times per year,In around 50 % of the trips,Up to 1 week in advance,Strongly A,Rather B,Strongly B,,,,,,,,,,,,,,,,,,,,,,,,,,,,,,,,,,,,,,Train A,Train B,Train A,Train B,Train A,,Train B,Train B,Train B,Train A,Train A,,,26 - 35,Male,Under 1000 €,"Large City (e.g. Berlin, Munich, Stuttgart)","University (Bachelor, Master, PhD)",Student,,No,,Yes – Deutschlandticket,,,239.04,,7.74,,,14.73,30.02,41.59,12.56,5.45,13.16,,9.87,,,,,,,,,,,,,,,,,,,,,,,,,,,,,,,,,,,,,,,,,27.85,3.3,3.11,2.53,2.96,1.73,3.56,3.04,2.78,3.36,3.43,,,2.16,,5.86,5.12,5.22,3.98,4.64,3.27,4.65,,7.97,,3.4
205,10/6/25 17:09,68,en,1215753818,10/6/25 17:04,10/6/25 17:09,,1,3+ times per week,Min. 1-2 times per week,Min. 1-2 times per week,Min. 1-2 times per year,Min. 3-5 times per year,(Almost) Never,(Almost) Never,(Almost) Never,(Almost) Never,Min. 1-2 times per year,Often,Up to 2-4 weeks in advance,Strongly A,Rather A,Rather A,,Train A,Train B,Train A,Train A,Train A,,Train B,Train A,Train B,Train A,Train B,,,,,,,,,,,,,,,,,,,,,,,,,,,,,,,,,,,,,,,26 - 35,Male,1000 - 2000 €,"Large City (e.g. Berlin, Munich, Stuttgart)","University (Bachelor, Master, PhD)",Full or Part time worker,,No,,Yes – Deutschlandticket,,,327.29,,9.95,,,23.9,18.73,26.88,12.3,10.55,21.76,,32.31,,27.31,5.78,8.05,6.9,8.46,5.48,13.27,6.55,5.34,7.52,7.26,,,,,,,,,,,,,,,,,,,,,,,,,,,,,,,,,,,,,,,,,,3.65,,4.74,3.92,3.94,4.19,4.24,7.46,24.48,,4.68,,7.69
210,10/6/25 18:25,68,en,1659054646,10/6/25 17:40,10/6/25 18:25,,4,Less often (e.g. every few months),(Almost) Never,Min. 1-2 times per month,Min. 3-5 times per year,Min. 1-2 times per month,Min. 1-2 times per year,(Almost) Never,(Almost) Never,(Almost) Never,Min. 3-5 times per year,Often,Up to 2-4 weeks in advance,Neutral,Rather A,Rather B,,,,,,,,,,,,,,,,,,,,,,,,,,,,,,,,,,,,,,Train A,Train B,Train A,Train B,Train A,,Train A,Train B,Train A,Train B,Train B,,,26 - 35,Male,1000 - 2000 €,"Large City (e.g. Berlin, Munich, Stuttgart)","University (Bachelor, Master, PhD)",Student,,No,,Yes – Deutschlandticket,,,2681.66,,915.88,,,14.09,38.63,317.95,7.58,8.89,24.29,,1196.89,,,,,,,,,,,,,,,,,,,,,,,,,,,,,,,,,,,,,,,,,16.45,18.25,17.34,6.7,16.36,2.47,8.4,4.21,11.41,3.69,10.1,,,1.67,,4.42,2.94,3.26,5.65,4.21,4.68,7.08,,3.57,,4.6
211,10/6/25 18:09,68,en,704479129,10/6/25 17:59,10/6/25 18:09,,2,3+ times per week,Min. 1-2 times per week,Min. 1-2 times per week,Min. 1-2 times per year,Min. 1-2 times per week,Min. 1-2 times per year,(Almost) Never,(Almost) Never,(Almost) Never,Min. 1-2 times per year,In around 50 % of the trips,Up to 2-4 weeks in advance,Neutral,Rather A,Strongly A,,,,,,,,,,,,,,Train B,Train A,Train B,Train A,Train B,,Train A,Train B,Train A,Train B,Train A,,,,,,,,,,,,,,,,,,,,,,,,,,,26 - 35,Prefer not to answer,Prefer not to answer,Prefer not to answer,"University (Bachelor, Master, PhD)",Full or Part time worker,,Yes,No,Yes – Deutschlandticket,,,579.22,,51.94,,,13.36,22.05,37.76,24.43,11.37,126.69,,51.39,,,,,,,,,,,,,,,20.94,11.69,21.39,13.18,29.67,4.43,12.67,12.64,19.61,6.03,9.28,,,,,,,,,,,,,,,,,,,,,,,,,,,,,3.9,,4.62,5.32,6.98,15.62,5.7,8.15,6.99,9.1,6.08,,6.24
212,10/6/25 18:09,68,en,1734637550,10/6/25 18:05,10/6/25 18:09,,2,3+ times per week,3+ times per week,3+ times per week,Min. 1-2 times per year,3+ times per week,Min. 1-2 times per year,(Almost) Never,Min. 3-5 times per year,(Almost) Never,Min. 1-2 times per year,In around 50 % of the trips,Up to 1 week in advance,Neutral,Neutral,Neutral,,,,,,,,,,,,,,Train B,Train A,Train B,Train A,Train B,,Train B,Train A,Train B,Train A,Train A,,,,,,,,,,,,,,,,,,,,,,,,,,,26 - 35,Male,2000 - 3000 €,"Large City (e.g. Berlin, Munich, Stuttgart)","University (Bachelor, Master, PhD)",Full or Part time worker,,Yes,No,Yes – Deutschlandticket,,,196.1,,5.67,,,11.41,21.01,35.47,10.41,6.03,7.46,,7.1,,,,,,,,,,,,,,,7.65,4,3.4,3.94,2.74,2.46,3.45,3.59,3.13,2.64,4.17,,,,,,,,,,,,,,,,,,,,,,,,,,,,,1.61,,4.53,2.39,7.65,6.99,3.13,7.19,6.12,2.55,5.55,,2.66
229,10/6/25 21:15,68,en,540807510,10/6/25 21:07,10/6/25 21:15,,1,Less often (e.g. every few months),Min. 3-5 times per year,Min. 3-5 times per year,Min. 3-5 times per year,Min. 3-5 times per year,(Almost) Never,(Almost) Never,(Almost) Never,(Almost) Never,Min. 3-5 times per year,Rarely,Up to 1 week in advance,Rather B,Rather B,Rather B,,Train A,Train B,Train A,Train B,Train B,,Train B,Train A,Train B,Train A,Train A,,,,,,,,,,,,,,,,,,,,,,,,,,,,,,,,,,,,,,,26 - 35,Male,2000 - 3000 €,"Large City (e.g. Berlin, Munich, Stuttgart)","University (Bachelor, Master, PhD)",Student,,No,,Yes – Deutschlandticket,,,507.94,,39.87,,,16.57,35.87,35.22,15.12,10.5,46.22,,79.55,,25.16,26.59,14.02,11.85,25.25,2.97,11.93,12,10.42,11.39,15.36,,,,,,,,,,,,,,,,,,,,,,,,,,,,,,,,,,,,,,,,,,3.55,,4.74,3.71,5.68,7.36,6.97,11.32,4.78,,6.03,,7.94
231,10/6/25 22:07,68,de,2017136212,10/6/25 21:48,10/6/25 22:07,,3,Less often (e.g. every few months),(Almost) Never,Min. 1-2 times per year,Min. 1-2 times per year,Min. 1-2 times per year,(Almost) Never,(Almost) Never,(Almost) Never,3+ times per week,Min. 1-2 times per year,In around 50 % of the trips,More than 1 month in advance,Rather B,Rather B,Strongly B,,,,,,,,,,,,,,,,,,,,,,,,,,Train B,Train B,Train B,Train A,Train B,,Train A,Train A,Train A,Train A,Train A,,,,,,,,,,,,,,,26 - 35,Male,2000 - 3000 €,"Small Town (e.g. Freising, Dachau, Memmingen)","University (Bachelor, Master, PhD)",Full or Part time worker,,Yes,Yes (private or company car),No,,Flixbus-Firma gibt manchmal falsche Angaben bezüglich der Busabfahrtsort. ,1254.76,,87.47,,,28.2,122.57,129.93,36.6,20.61,121.78,,116.05,,,,,,,,,,,,,,,,,,,,,,,,,,,,92.99,36.25,26.99,33.79,20.85,7.69,21.72,14.93,10.38,17.33,8.39,,,,,,,,,,,,,,,,13.29,,10.28,5.83,17.08,12.67,5.24,9.49,8.66,5.92,7.49,,204.29
232,10/6/25 23:18,68,en,1706386236,10/6/25 23:12,10/6/25 23:18,,4,Less often (e.g. every few months),Min. 3-5 times per year,Min. 1-2 times per year,Min. 3-5 times per year,Min. 1-2 times per month,Min. 3-5 times per year,(Almost) Never,(Almost) Never,(Almost) Never,Min. 3-5 times per year,Rarely,More than 1 month in advance,Neutral,Neutral,Rather B,,,,,,,,,,,,,,,,,,,,,,,,,,,,,,,,,,,,,,Train A,Train A,Train A,Train A,Train A,,Train A,Train A,Train A,Train A,Train A,,,26 - 35,Male,3000 - 4000 €,"Small Town (e.g. Freising, Dachau, Memmingen)","University (Bachelor, Master, PhD)",Full or Part time worker,,No,,Yes – Deutschlandticket,,,342.66,,9.93,,,14.13,41.24,58.71,21.14,12.45,25.44,,7.25,,,,,,,,,,,,,,,,,,,,,,,,,,,,,,,,,,,,,,,,,18.22,19.23,7.3,12.23,5.68,2.3,16.25,4.01,3.52,3.38,3.19,,,1.73,,5.78,2.88,6.94,13.81,5.3,4.56,4.03,,4.31,,7.72
234,10/7/25 0:28,68,en,1473339279,10/7/25 0:22,10/7/25 0:28,,1,Less often (e.g. every few months),Min. 3-5 times per year,Min. 1-2 times per year,Min. 1-2 times per year,Min. 1-2 times per month,Min. 1-2 times per year,Min. 1-2 times per year,(Almost) Never,(Almost) Never,Min. 1-2 times per year,Often,More than 1 month in advance,Neutral,Neutral,Neutral,,Train A,Train B,Train A,Train B,Train A,,Train B,Train A,Train B,Train A,Train B,,,,,,,,,,,,,,,,,,,,,,,,,,,,,,,,,,,,,,,26 - 35,Male,1000 - 2000 €,"Large City (e.g. Berlin, Munich, Stuttgart)","University (Bachelor, Master, PhD)",Full or Part time worker,,No,,Yes – Deutschlandticket,,,404.08,,26.64,,,18.75,39.43,40.25,10.92,8.82,42.41,,40.37,,22.63,8.04,16.97,8.7,14.4,5.92,6.13,4.11,4.56,4.47,4.26,,,,,,,,,,,,,,,,,,,,,,,,,,,,,,,,,,,,,,,,,,8.64,,4.44,4.49,4.57,6.89,8.42,8.69,8.3,,9.38,,12.48
237,10/7/25 11:46,68,en,1098623881,10/7/25 11:40,10/7/25 11:46,,4,Less often (e.g. every few months),Min. 3-5 times per year,Min. 3-5 times per year,Min. 1-2 times per month,Min. 1-2 times per month,Min. 3-5 times per year,(Almost) Never,(Almost) Never,(Almost) Never,Min. 1-2 times per year,In around 50 % of the trips,Up to 2-4 weeks in advance,Rather A,Rather B,Strongly A,,,,,,,,,,,,,,,,,,,,,,,,,,,,,,,,,,,,,,Train A,Train B,Train A,Train B,Train A,,Train A,Train B,Train A,Train A,Train B,,,26 - 35,Male,Under 1000 €,"Large City (e.g. Berlin, Munich, Stuttgart)","University (Bachelor, Master, PhD)",Full or Part time worker,,No,,No,,,391.4,,25.44,,,9.45,21.64,38.93,8.67,6.22,46.19,,40.76,,,,,,,,,,,,,,,,,,,,,,,,,,,,,,,,,,,,,,,,,27.73,19.63,12.31,7.17,11.35,4.55,8.23,9.77,11.42,8.17,8.14,,,4.04,,6.12,3.35,6.16,6.18,7.55,7.75,7.83,,7.71,,8.94
238,10/7/25 20:37,68,en,1941365918,10/7/25 12:11,10/7/25 20:37,,2,I don’t use public transport for intercity trips,,,,,,,,,,Rarely,,Rather B,Rather B,Rather A,,,,,,,,,,,,,,Train B,Train B,Train B,Train B,Train B,,Train B,Train B,Train B,Train B,Train B,,,,,,,,,,,,,,,,,,,,,,,,,,,18 - 25,Female,2000 - 3000 €,"Large City (e.g. Berlin, Munich, Stuttgart)","University (Bachelor, Master, PhD)",Student,,Yes,Yes (private or company car),No,,,549.94,,10.33,,,34.13,,,50.32,,70.44,,42.62,,,,,,,,,,,,,,,54.41,21.16,23.16,16.4,6.21,2.94,51.38,11.09,10.4,5.91,7.14,,,,,,,,,,,,,,,,,,,,,,,,,,,,,2.26,,22.82,4.76,26.18,10.25,10.57,8.86,5.21,8.94,14.82,,17.23
239,10/7/25 12:33,68,en,487211254,10/7/25 12:25,10/7/25 12:33,,1,Less often (e.g. every few months),Min. 3-5 times per year,Min. 1-2 times per year,Min. 3-5 times per year,Min. 1-2 times per year,(Almost) Never,(Almost) Never,(Almost) Never,(Almost) Never,Min. 1-2 times per year,In around 50 % of the trips,Up to 2-4 weeks in advance,Rather B,Rather B,Neutral,,Train A,Train B,Train B,Train B,Train B,,Train B,Train B,Train B,Train B,Train A,,,,,,,,,,,,,,,,,,,,,,,,,,,,,,,,,,,,,,,26 - 35,Prefer not to answer,Prefer not to answer,"Large City (e.g. Berlin, Munich, Stuttgart)","University (Bachelor, Master, PhD)",Prefer not to answer,,No,,Yes – Deutschlandticket,,,500.11,,24.27,,,15,32.79,36.49,20.96,9.24,55.63,,59.41,,27.4,28.8,15.16,5.59,16.61,3.9,15.52,8.93,12.63,4.56,18.87,,,,,,,,,,,,,,,,,,,,,,,,,,,,,,,,,,,,,,,,,,3.73,,6.93,3.88,6.38,16.29,5.93,7.07,10.96,,11.07,,16.11
243,10/7/25 12:45,68,en,651698866,10/7/25 12:40,10/7/25 12:45,,3,3+ times per week,3+ times per week,Min. 1-2 times per month,3+ times per week,Min. 1-2 times per month,Min. 3-5 times per year,(Almost) Never,(Almost) Never,(Almost) Never,Min. 1-2 times per year,Often,Up to 2-4 weeks in advance,Neutral,Strongly B,Rather A,,,,,,,,,,,,,,,,,,,,,,,,,,Train B,Train A,Train A,Train A,Train A,,Train A,Train A,Train A,Train A,Train A,,,,,,,,,,,,,,,18 - 25,Male,Under 1000 €,"Large City (e.g. Berlin, Munich, Stuttgart)","University (Bachelor, Master, PhD)",Prefer not to answer,,No,,Yes – Deutschlandticket,,,306.81,,10.2,,,7.35,22.09,27.87,16.39,10.32,33.33,,25.76,,,,,,,,,,,,,,,,,,,,,,,,,,,,12.57,15.61,10.14,6.25,13.77,8.84,16.11,4.83,7.35,3.58,3.82,,,,,,,,,,,,,,,,4.07,,4.36,3.39,4.09,4.14,4.43,9.26,6.13,,4.47,,6.29
251,10/7/25 13:52,68,en,1426345259,10/7/25 13:35,10/7/25 13:52,,2,Min. 1-2 times per month,Min. 1-2 times per month,Min. 1-2 times per year,Min. 1-2 times per month,Min. 1-2 times per year,Min. 1-2 times per year,(Almost) Never,(Almost) Never,Min. 1-2 times per month,(Almost) Never,Often,Up to 1 week in advance,Rather B,Rather B,Rather B,,,,,,,,,,,,,,Train B,Train A,Train B,Train A,Train B,,Train A,Train B,Train A,Train B,Train A,,,,,,,,,,,,,,,,,,,,,,,,,,,26 - 35,Male,Under 1000 €,Prefer not to answer,"University (Bachelor, Master, PhD)",Full or Part time worker,,No,,No,,"The survey was clear and well-structured. It effectively captured the trade-offs between cost, travel time, and reliability. I appreciate the interactive design and the focus on realistic intercity travel scenarios.
– Dr. A A Khalak",1057.49,,73.06,,,32.29,47.85,84.45,33.42,23.14,66.26,,72.31,,,,,,,,,,,,,,,175.67,16.9,19.6,11.72,16.8,49.29,16.73,7.7,8.15,8.61,6.05,,,,,,,,,,,,,,,,,,,,,,,,,,,,,26.43,,12.1,3.23,61.19,13.07,4.68,7.41,17.78,,21.67,,119.93
257,10/7/25 15:05,68,de,1667056369,10/7/25 15:00,10/7/25 15:05,,3,3+ times per week,(Almost) Never,(Almost) Never,(Almost) Never,Min. 1-2 times per year,Min. 1-2 times per year,(Almost) Never,(Almost) Never,(Almost) Never,Min. 1-2 times per year,In around 50 % of the trips,On the day of traveling,Rather B,Rather B,Strongly A,,,,,,,,,,,,,,,,,,,,,,,,,,Train A,Train B,Train B,Train B,Train B,,Train A,Train A,Train A,Train A,Train B,,,,,,,,,,,,,,,26 - 35,Female,1000 - 2000 €,"Large City (e.g. Berlin, Munich, Stuttgart)",Apprenticeship /Vocational Training,Prefer not to answer,,Yes,No,Yes – Deutschlandticket,,Alles gut ,329.07,,13.06,,,13.73,23.17,35.25,10.29,13.19,43.76,,10.52,,,,,,,,,,,,,,,,,,,,,,,,,,,,17.53,14.16,10.81,14.85,8.08,3.13,11.01,4.24,3.58,3.97,4.02,,,,,,,,,,,,,,,,1.59,,8.26,3.28,4.71,4.22,4.41,6.55,7.81,4.75,5.88,,19.26
260,10/7/25 16:14,68,en,1209481537,10/7/25 16:05,10/7/25 16:14,,2,Min. 1-2 times per month,(Almost) Never,Min. 1-2 times per month,Min. 1-2 times per year,Min. 1-2 times per month,Min. 3-5 times per year,Min. 1-2 times per year,(Almost) Never,(Almost) Never,(Almost) Never,Rarely,Up to 3 days before traveling,Rather A,Neutral,Neutral,,,,,,,,,,,,,,Train B,Train A,Train A,Train B,Train A,,Train A,Train B,Train B,Train A,Train A,,,,,,,,,,,,,,,,,,,,,,,,,,,26 - 35,Male,1000 - 2000 €,"Large City (e.g. Berlin, Munich, Stuttgart)","University (Bachelor, Master, PhD)",Student,,No,,Yes – Deutschlandticket,,,581.81,,10.48,,,15.76,264.03,36.78,10.45,12.57,42.89,,23.47,,,,,,,,,,,,,,,25.39,7.01,16.15,8.09,10.9,3.79,9.87,16.3,6.14,7.4,4.91,,,,,,,,,,,,,,,,,,,,,,,,,,,,,2.69,,4.7,3.46,5.52,4.94,4.29,6.05,7.71,,4.1,,5.97
261,10/7/25 16:38,68,en,1100639185,10/7/25 16:33,10/7/25 16:38,,4,Min. 1-2 times per month,Min. 1-2 times per year,Min. 3-5 times per year,(Almost) Never,Min. 1-2 times per year,Min. 1-2 times per year,(Almost) Never,(Almost) Never,Min. 3-5 times per year,Min. 1-2 times per year,(Almost) Always,Up to 3 days before traveling,Strongly A,Rather A,Rather A,,,,,,,,,,,,,,,,,,,,,,,,,,,,,,,,,,,,,,Train A,Train A,Train B,Train A,Train A,,Train A,Train A,Train A,Train A,Train A,,,26 - 35,Male,3000 - 4000 €,"Large City (e.g. Berlin, Munich, Stuttgart)","University (Bachelor, Master, PhD)",Full or Part time worker,,Yes,No,Yes – Deutschlandticket,,,269.04,,17.29,,,18.58,40.45,36.32,9.6,11.18,14.87,,12.74,,,,,,,,,,,,,,,,,,,,,,,,,,,,,,,,,,,,,,,,,6.33,3.97,3.51,3.49,3.57,3.62,4.43,6.44,4.08,3.26,3.79,,,2.57,,8.11,3.97,6.34,5.5,7.38,4.72,6.31,4.48,4.8,,7.34
268,10/7/25 18:42,68,en,650702802,10/7/25 18:35,10/7/25 18:42,,2,Less often (e.g. every few months),3+ times per week,Min. 1-2 times per month,Min. 3-5 times per year,Min. 3-5 times per year,Min. 3-5 times per year,(Almost) Never,(Almost) Never,(Almost) Never,(Almost) Never,Often,Up to 2-4 weeks in advance,Neutral,Strongly A,Strongly B,,,,,,,,,,,,,,Train B,Train A,Train A,Train A,Train A,,Train A,Train A,Train A,Train A,Train A,,,,,,,,,,,,,,,,,,,,,,,,,,,26 - 35,Male,Under 1000 €,"Large City (e.g. Berlin, Munich, Stuttgart)","University (Bachelor, Master, PhD)",Full or Part time worker,,No,,Yes – Deutschlandticket,,Its a nice survey :),454.55,,16.94,,,7.64,56.07,74.94,8.6,7.44,37.23,,51.18,,,,,,,,,,,,,,,24.84,12.5,16.89,8.41,11.74,5.29,13.12,15.24,5.66,4.23,3.81,,,,,,,,,,,,,,,,,,,,,,,,,,,,,2.32,,4.37,5.17,6.17,9.4,4.43,6.77,4.09,,4.22,,25.84
276,10/7/25 19:18,68,de,1763004087,10/7/25 19:07,10/7/25 19:18,,3,Less often (e.g. every few months),(Almost) Never,Min. 3-5 times per year,Min. 3-5 times per year,Min. 3-5 times per year,Min. 1-2 times per month,(Almost) Never,(Almost) Never,Min. 1-2 times per week,Min. 1-2 times per year,In around 50 % of the trips,More than 1 month in advance,Neutral,Rather B,Neutral,,,,,,,,,,,,,,,,,,,,,,,,,,Train B,Train B,Train B,Train B,Train B,,Train A,Train B,Train A,Train B,Train A,,,,,,,,,,,,,,,36 - 50,Female,1000 - 2000 €,"Large City (e.g. Berlin, Munich, Stuttgart)",Apprenticeship /Vocational Training,Full or Part time worker,,No,,Yes – Deutschlandticket,,,679.66,,61.44,,,47.8,55.87,45.03,23.24,12.1,63.6,,68.23,,,,,,,,,,,,,,,,,,,,,,,,,,,,25.81,31.54,19.57,19.05,16.59,7.04,24.41,14.95,9.06,8.09,8.64,,,,,,,,,,,,,,,,16.16,,9.07,3.66,9.51,6.96,10.69,8.59,18.23,,8.5,,26.23
277,10/7/25 19:49,68,en,1911544518,10/7/25 19:44,10/7/25 19:49,,1,Less often (e.g. every few months),Min. 3-5 times per year,Min. 3-5 times per year,Min. 3-5 times per year,Min. 3-5 times per year,Min. 1-2 times per month,Min. 1-2 times per week,Min. 1-2 times per month,Min. 3-5 times per year,Min. 1-2 times per year,In around 50 % of the trips,On the day of traveling,Neutral,Rather A,Rather A,,Train A,Train A,Train A,Train A,Train A,,Train B,Train B,Train A,Train B,Train A,,,,,,,,,,,,,,,,,,,,,,,,,,,,,,,,,,,,,,,26 - 35,Male,Under 1000 €,"Large City (e.g. Berlin, Munich, Stuttgart)","University (Bachelor, Master, PhD)",Student,,No,,Yes – Deutschlandticket,,,318.42,,26.25,,,21.15,30.87,31.03,10.67,19.18,14.8,,17.19,,22.3,14.65,5.4,7.27,4.86,3.4,8.5,3.56,3.41,3.3,2.81,,,,,,,,,,,,,,,,,,,,,,,,,,,,,,,,,,,,,,,,,,3.22,,7.81,4.67,6.33,10.54,4.74,7.04,4.5,,10.04,,8.93
284,10/8/25 2:23,68,en,1386730488,10/8/25 2:15,10/8/25 2:23,,1,Less often (e.g. every few months),(Almost) Never,Min. 3-5 times per year,Min. 3-5 times per year,Min. 3-5 times per year,Min. 1-2 times per year,(Almost) Never,(Almost) Never,(Almost) Never,(Almost) Never,Often,Up to 2-4 weeks in advance,Rather A,Rather A,Rather B,,Train A,Train A,Train A,Train A,Train A,,Train A,Train A,Train A,Train A,Train A,,,,,,,,,,,,,,,,,,,,,,,,,,,,,,,,,,,,,,,26 - 35,Male,1000 - 2000 €,"Large City (e.g. Berlin, Munich, Stuttgart)","University (Bachelor, Master, PhD)",Full or Part time worker,,No,,Yes – Deutschlandticket,,,475.87,,52.55,,,15.48,44.07,33.21,23.46,13.92,45.28,,60.81,,21.1,22.8,9.22,14.72,8.96,3.56,11.87,5.42,7.34,4.91,9.31,,,,,,,,,,,,,,,,,,,,,,,,,,,,,,,,,,,,,,,,,,5.69,,5.19,3.83,5.53,11.82,6.97,5.9,8.09,,4.17,,10.69
286,10/8/25 9:01,68,en,120935403,10/8/25 8:47,10/8/25 9:01,,3,Less often (e.g. every few months),Min. 3-5 times per year,Min. 3-5 times per year,Min. 1-2 times per year,(Almost) Never,Min. 1-2 times per month,(Almost) Never,(Almost) Never,Min. 1-2 times per year,(Almost) Never,(Almost) Always,Up to 1 week in advance,Rather B,Rather B,Neutral,,,,,,,,,,,,,,,,,,,,,,,,,,Train A,Train B,Train B,Train A,Train B,,Train A,Train B,Train A,Train B,Train A,,,,,,,,,,,,,,,18 - 25,Male,3000 - 4000 €,"Large City (e.g. Berlin, Munich, Stuttgart)","University (Bachelor, Master, PhD)",Full or Part time worker,,No,,Yes – Deutschlandticket,,,887.22,,16.63,,,13.83,22.5,70.13,8.78,10.44,36.69,,323.39,,,,,,,,,,,,,,,,,,,,,,,,,,,,29.42,34.43,10.22,13.71,11.62,4.61,10.18,34.88,10.61,9.61,19.04,,,,,,,,,,,,,,,,2.35,,4.34,2.76,12,9.76,6.21,8.68,36.55,,6.91,,106.94
292,10/8/25 16:35,68,en,805794434,10/8/25 16:32,10/8/25 16:35,,2,3+ times per week,(Almost) Never,Min. 1-2 times per year,Min. 1-2 times per year,Min. 1-2 times per year,(Almost) Never,(Almost) Never,(Almost) Never,(Almost) Never,(Almost) Never,(Almost) Always,On the day of traveling,Strongly A,Strongly A,Strongly A,,,,,,,,,,,,,,Train A,Train A,Train A,Train A,Train A,,Train A,Train A,Train A,Train A,Train A,,,,,,,,,,,,,,,,,,,,,,,,,,,18 - 25,Male,Under 1000 €,"Large City (e.g. Berlin, Munich, Stuttgart)","University (Bachelor, Master, PhD)",Student,,No,,Yes – Deutschlandticket,,,215.06,,11.12,,,10.62,18.16,26.89,13.78,5.76,16.4,,16.44,,,,,,,,,,,,,,,5.24,2.68,3.36,3.13,2.53,2.56,3.17,3.15,4.33,3.81,3.4,,,,,,,,,,,,,,,,,,,,,,,,,,,,,3.21,,3.45,2.67,5.87,8.12,10,4.78,5.02,,4.63,,10.78
303,10/9/25 11:43,68,en,473806259,10/9/25 11:34,10/9/25 11:43,,1,Min. 1-2 times per month,Min. 1-2 times per year,Min. 1-2 times per month,Min. 1-2 times per month,Min. 1-2 times per month,Min. 3-5 times per year,Min. 1-2 times per year,(Almost) Never,(Almost) Never,Min. 1-2 times per year,In around 50 % of the trips,Up to 2-4 weeks in advance,Rather A,Strongly B,Rather A,,Train B,Train B,Train B,Train B,Train B,,Train B,Train B,Train B,Train B,Train B,,,,,,,,,,,,,,,,,,,,,,,,,,,,,,,,,,,,,,,26 - 35,Male,1000 - 2000 €,"Large City (e.g. Berlin, Munich, Stuttgart)","University (Bachelor, Master, PhD)",Student,,No,,Yes – Deutschlandticket,,,578.18,,5.51,,,13.88,36.15,35.1,10.47,7.58,249.43,,19.62,,21.84,26.41,10.1,5.69,5.8,5.2,9.42,7.3,2.97,3.27,2.74,,,,,,,,,,,,,,,,,,,,,,,,,,,,,,,,,,,,,,,,,,2.09,,5.51,4.02,38.31,7.31,4.02,16.96,7.59,,5.17,,8.72
304,10/9/25 11:49,68,en,23479130,10/9/25 11:44,10/9/25 11:49,,3,3+ times per week,3+ times per week,3+ times per week,3+ times per week,Min. 1-2 times per month,(Almost) Never,(Almost) Never,(Almost) Never,(Almost) Never,Min. 1-2 times per year,Rarely,Up to 1 week in advance,Neutral,Neutral,Neutral,,,,,,,,,,,,,,,,,,,,,,,,,,Train A,Train B,Train B,Train A,Train B,,Train A,Train A,Train A,Train A,Train A,,,,,,,,,,,,,,,26 - 35,Female,Prefer not to answer,"Large City (e.g. Berlin, Munich, Stuttgart)","University (Bachelor, Master, PhD)",Student,,No,,Yes – Deutschlandticket,,,336.04,,4.37,,,10.37,15.97,45.59,12.97,15.84,26.32,,50.79,,,,,,,,,,,,,,,,,,,,,,,,,,,,16.48,4.02,4.75,15.92,12.67,3.71,11.72,8.11,3.08,2.67,9.03,,,,,,,,,,,,,,,,1.85,,6.57,3.36,8.62,6.71,6.69,6.89,9.55,,6.07,,5.35
305,10/9/25 12:15,68,en,1480407392,10/9/25 12:06,10/9/25 12:15,,1,Less often (e.g. every few months),Min. 1-2 times per year,Min. 3-5 times per year,Min. 1-2 times per year,Min. 1-2 times per year,Min. 1-2 times per year,(Almost) Never,(Almost) Never,(Almost) Never,(Almost) Never,In around 50 % of the trips,On the day of traveling,Neutral,Rather B,Neutral,,Train A,Train B,Train A,Train B,Train A,,Train B,Train A,Train B,Train A,Train B,,,,,,,,,,,,,,,,,,,,,,,,,,,,,,,,,,,,,,,18 - 25,Male,Under 1000 €,"Large City (e.g. Berlin, Munich, Stuttgart)","University (Bachelor, Master, PhD)",Student,,No,,Yes – Deutschlandticket,,,569.08,,16.83,,,50.75,78.67,84.74,14.16,18.19,34.03,,40.02,,20.82,34.45,11.71,14.06,17.14,4.26,25.2,17.96,4.76,3.68,6.56,,,,,,,,,,,,,,,,,,,,,,,,,,,,,,,,,,,,,,,,,,2.83,,4.81,4.25,7.3,6.39,6.07,10.64,10.24,,5.5,,13.06
306,10/9/25 12:24,68,en,167835368,10/9/25 12:16,10/9/25 12:24,,3,3+ times per week,3+ times per week,3+ times per week,3+ times per week,Min. 1-2 times per year,3+ times per week,(Almost) Never,(Almost) Never,(Almost) Never,Min. 1-2 times per year,(Almost) Always,Up to 2-4 weeks in advance,Strongly A,Rather B,Rather A,,,,,,,,,,,,,,,,,,,,,,,,,,Train A,Train B,Train B,Train A,Train B,,Train A,Train B,Train A,Train B,Train A,,,,,,,,,,,,,,,26 - 35,Male,Under 1000 €,"Large City (e.g. Berlin, Munich, Stuttgart)","University (Bachelor, Master, PhD)",Student,,No,,Yes – Deutschlandticket,,,452.46,,7.09,,,14.6,22.43,51,16.52,50.95,53.62,,26.92,,,,,,,,,,,,,,,,,,,,,,,,,,,,28.64,15.08,10.02,12.84,11.28,6.05,13.04,9.2,5.32,4.98,6.32,,,,,,,,,,,,,,,,5.59,,6.68,3.87,17.64,10.76,9.4,7.1,4.98,,6.86,,13.68
307,10/9/25 12:29,68,en,1442499881,10/9/25 12:24,10/9/25 12:29,,1,3+ times per week,3+ times per week,Min. 3-5 times per year,Min. 3-5 times per year,Min. 3-5 times per year,(Almost) Never,(Almost) Never,(Almost) Never,(Almost) Never,Min. 3-5 times per year,(Almost) Always,Up to 3 days before traveling,Neutral,Neutral,Neutral,,Train A,Train B,Train B,Train B,Train B,,Train B,Train A,Train B,Train A,Train A,,,,,,,,,,,,,,,,,,,,,,,,,,,,,,,,,,,,,,,26 - 35,Male,1000 - 2000 €,"Large City (e.g. Berlin, Munich, Stuttgart)","University (Bachelor, Master, PhD)",Full or Part time worker,,No,,Yes – Deutschlandticket,,,293.07,,8.24,,,6.56,42.84,40.7,7.74,9.01,17.15,,8.26,,17.12,8.05,12.06,8.66,8.27,2.38,12.58,8.07,26.54,5,5.02,,,,,,,,,,,,,,,,,,,,,,,,,,,,,,,,,,,,,,,,,,1.3,,4.65,3.5,5.2,4.29,4.65,4.17,3.44,,2.98,,4.64
311,10/9/25 17:24,68,en,1374884868,10/9/25 17:11,10/9/25 17:24,,1,Min. 1-2 times per month,(Almost) Never,Min. 1-2 times per month,Min. 1-2 times per month,Min. 1-2 times per month,Min. 1-2 times per year,(Almost) Never,(Almost) Never,(Almost) Never,Min. 1-2 times per year,In around 50 % of the trips,Up to 2-4 weeks in advance,Rather A,Rather A,Rather A,,Train A,Train B,Train A,Train B,Train B,,Train B,Train A,Train B,Train A,Train B,,,,,,,,,,,,,,,,,,,,,,,,,,,,,,,,,,,,,,,26 - 35,Female,Under 1000 €,"Large City (e.g. Berlin, Munich, Stuttgart)","University (Bachelor, Master, PhD)",Self-employed/ Own Business,,No,,Yes – Deutschlandticket,,,748.86,,20.97,,,14.58,25.71,53.96,11.48,25.19,59.97,,32.63,,12.23,19.02,38.45,11.25,136.05,2.05,58.25,33.34,8.68,14.5,15.38,,,,,,,,,,,,,,,,,,,,,,,,,,,,,,,,,,,,,,,,,,3.33,,69.21,3.39,10.28,7.08,4.14,34.94,3.34,,5.3,,14.16
313,10/9/25 17:40,68,de,2091308690,10/9/25 17:25,10/9/25 17:40,,1,Less often (e.g. every few months),(Almost) Never,Min. 3-5 times per year,Min. 3-5 times per year,Min. 1-2 times per year,Min. 1-2 times per year,Min. 1-2 times per year,(Almost) Never,Min. 1-2 times per year,(Almost) Never,Rarely,Up to 2-4 weeks in advance,Neutral,Neutral,Neutral,,Train A,Train B,Train A,Train B,Train B,,Train B,Train B,Train B,Train A,Train B,,,,,,,,,,,,,,,,,,,,,,,,,,,,,,,,,,,,,,,51 - 65,Female,3000 - 4000 €,"Medium City (e.g. Regensburg, Ingolstadt, Ulm)",Apprenticeship /Vocational Training,Full or Part time worker,,Yes,Yes (private or company car),Yes – Deutschlandticket,,,938.08,,58.64,,,26.45,57.24,112.93,7.17,57.34,61.02,,29.03,,26.86,9.76,20.36,30.65,19.42,2.25,20.09,133.14,24.36,32.41,7.99,,,,,,,,,,,,,,,,,,,,,,,,,,,,,,,,,,,,,,,,,,1.97,,55.12,3.49,11.8,27.21,40.99,7.61,5.33,3.48,37.55,,6.42
315,10/9/25 18:16,68,en,1117060842,10/9/25 18:07,10/9/25 18:16,,4,Less often (e.g. every few months),Min. 3-5 times per year,Min. 3-5 times per year,Min. 1-2 times per month,Min. 1-2 times per month,(Almost) Never,(Almost) Never,Min. 3-5 times per year,Min. 1-2 times per month,Min. 1-2 times per year,Often,Up to 1 week in advance,Rather B,Rather B,Rather B,,,,,,,,,,,,,,,,,,,,,,,,,,,,,,,,,,,,,,Train A,Train B,Train B,Train B,Train A,,Train A,Train B,Train B,Train A,Train B,,,18 - 25,Female,Under 1000 €,"Medium City (e.g. Regensburg, Ingolstadt, Ulm)","University (Bachelor, Master, PhD)",Unemployed,,No,,No,,,559.41,,40.81,,,13.9,33.73,61.28,27.12,10.77,48.25,,70.62,,,,,,,,,,,,,,,,,,,,,,,,,,,,,,,,,,,,,,,,,32.29,8.66,27.13,11.67,14.09,7.65,26.08,14.14,9.73,14.07,10.68,,,4.78,,6.23,2.68,6.04,7.25,5.25,17.24,6.47,,9.96,,10.84
317,10/9/25 19:30,68,de,725167355,10/9/25 19:19,10/9/25 19:30,,4,Min. 1-2 times per month,(Almost) Never,Min. 3-5 times per year,Min. 3-5 times per year,Min. 3-5 times per year,Min. 1-2 times per year,(Almost) Never,(Almost) Never,(Almost) Never,(Almost) Never,(Almost) Never,More than 1 month in advance,Strongly A,Rather A,Neutral,,,,,,,,,,,,,,,,,,,,,,,,,,,,,,,,,,,,,,Train A,Train A,Train A,Train A,Train A,,Train A,Train A,Train B,Train A,Train B,,,36 - 50,Female,1000 - 2000 €,"Large City (e.g. Berlin, Munich, Stuttgart)",High School,Full or Part time worker,,No,,Yes – Deutschlandticket,,,634.99,,24.2,,,20.4,43.16,42.57,11.17,16.62,54.94,,70.13,,,,,,,,,,,,,,,,,,,,,,,,,,,,,,,,,,,,,,,,,96.6,26.54,6.89,9.55,15.05,1.92,17.58,6.88,65.86,14.47,12.19,,,2.2,,11.02,8.26,7.11,3.79,18.26,14.33,3.73,,4.39,,5.18
319,10/9/25 19:40,68,en,2062042383,10/9/25 19:23,10/9/25 19:40,,3,Less often (e.g. every few months),(Almost) Never,(Almost) Never,(Almost) Never,(Almost) Never,(Almost) Never,(Almost) Never,Min. 3-5 times per year,Min. 1-2 times per week,(Almost) Never,(Almost) Always,More than 1 month in advance,Rather B,Rather A,Rather B,,,,,,,,,,,,,,,,,,,,,,,,,,Train A,Train B,Train B,Train A,Train A,,Train A,Train B,Train A,Train B,Train A,,,,,,,,,,,,,,,Under 18,Male,Prefer not to answer,"Medium City (e.g. Regensburg, Ingolstadt, Ulm)",Primary/Secondary School,Student,,No,,No,,"For the train Qs, I have no idea how far the cities are from each other. Because I live In UAE.",1067.35,,11.46,,,18.82,41.21,102.31,26.41,32.28,58.57,,102.37,,,,,,,,,,,,,,,,,,,,,,,,,,,,74.82,43.7,47.17,61.42,60.33,8,28,28.88,27.73,81.29,19.5,,,,,,,,,,,,,,,,7.29,,6.42,3.94,13.33,20.91,14.19,6.13,6.57,,13.85,,100.45
320,10/9/25 19:53,68,en,2002615135,10/9/25 19:46,10/9/25 19:53,,4,Less often (e.g. every few months),Min. 1-2 times per year,Min. 3-5 times per year,Min. 1-2 times per year,Min. 3-5 times per year,(Almost) Never,Min. 1-2 times per year,(Almost) Never,(Almost) Never,Min. 3-5 times per year,Often,Up to 2-4 weeks in advance,Strongly A,Neutral,Strongly A,,,,,,,,,,,,,,,,,,,,,,,,,,,,,,,,,,,,,,Train A,Train B,Train A,Train B,Train A,,Train A,Train A,Train A,Train A,Train B,,,26 - 35,Male,2000 - 3000 €,"Large City (e.g. Berlin, Munich, Stuttgart)","University (Bachelor, Master, PhD)",Full or Part time worker,,No,,Yes – Deutschlandticket,,,441.45,,11.49,,,10.88,22.58,30.71,11.84,5.97,48.4,,83.64,,,,,,,,,,,,,,,,,,,,,,,,,,,,,,,,,,,,,,,,,22.44,18.48,20.52,20,9.06,2.62,11.26,10.73,11.17,4.44,8.47,,,4.04,,3.87,3.48,7.32,5.01,5.72,6.28,4.13,,6.1,,30.8
321,10/9/25 20:04,68,en,1935064497,10/9/25 19:56,10/9/25 20:04,,2,Less often (e.g. every few months),Min. 3-5 times per year,3+ times per week,(Almost) Never,Min. 1-2 times per month,Min. 3-5 times per year,(Almost) Never,(Almost) Never,(Almost) Never,(Almost) Never,In around 50 % of the trips,More than 1 month in advance,Neutral,Rather B,Strongly A,,,,,,,,,,,,,,Train B,Train A,Train B,Train A,Train B,,Train A,Train A,Train A,Train B,Train A,,,,,,,,,,,,,,,,,,,,,,,,,,,18 - 25,Prefer not to answer,1000 - 2000 €,"Large City (e.g. Berlin, Munich, Stuttgart)","University (Bachelor, Master, PhD)",Student,,Yes,Yes (private or company car),Yes – Deutschlandticket,,,495.29,,209.15,,,20.33,20.59,41.73,6.15,6.05,15.91,,35.55,,,,,,,,,,,,,,,14.74,8.38,10.42,10.57,10.97,1.98,5.95,5.59,6.87,8.98,5.36,,,,,,,,,,,,,,,,,,,,,,,,,,,,,2.86,,3.49,3.69,4.79,7.25,3.56,3.82,8.09,2.76,3.59,,6.12
323,10/9/25 20:51,68,en,1671205310,10/9/25 20:47,10/9/25 20:51,,4,I don’t use public transport for intercity trips,,,,,,,,,,Often,,Neutral,Rather B,Strongly A,,,,,,,,,,,,,,,,,,,,,,,,,,,,,,,,,,,,,,Train A,Train A,Train B,Train B,Train A,,Train A,Train B,Train A,Train B,Train A,,,26 - 35,Male,2000 - 3000 €,"Large City (e.g. Berlin, Munich, Stuttgart)","University (Bachelor, Master, PhD)",Full or Part time worker,,No,,Yes – Deutschlandticket,,,269.58,,13.27,,,13.83,,,14.02,,40.16,,20.61,,,,,,,,,,,,,,,,,,,,,,,,,,,,,,,,,,,,,,,,,34.99,4.71,4.54,4.25,3.95,2.61,4.73,3.99,6.9,6.51,5.11,,,5.87,,4.28,4.21,3.33,4.14,3.28,5.22,3.13,,9.04,,42.9
326,10/9/25 22:31,68,en,246701192,10/9/25 22:27,10/9/25 22:31,,3,Min. 1-2 times per month,3+ times per week,Min. 1-2 times per week,Min. 1-2 times per year,Min. 1-2 times per month,Min. 1-2 times per year,Min. 1-2 times per year,(Almost) Never,(Almost) Never,Min. 1-2 times per year,(Almost) Never,Up to 3 days before traveling,Rather A,Rather B,Strongly A,,,,,,,,,,,,,,,,,,,,,,,,,,Train B,Train B,Train A,Train A,Train A,,Train B,Train B,Train B,Train B,Train B,,,,,,,,,,,,,,,26 - 35,Male,1000 - 2000 €,"Large City (e.g. Berlin, Munich, Stuttgart)","University (Bachelor, Master, PhD)",Full or Part time worker,,Yes,Yes (private or company car),"Yes – Local or regional seasonal ticket (e.g., IsarCard, 365-Euro-Ticket, or similar)",,,283.29,,9.01,,,21.85,28.12,42.68,15.96,16.31,12.69,,6.76,,,,,,,,,,,,,,,,,,,,,,,,,,,,7.19,5,4.67,4.92,3.68,4.39,5.91,3.7,3.31,4.15,2.79,,,,,,,,,,,,,,,,2.76,,11.84,7.47,10.26,6.73,5.13,10.97,3.87,4.26,9.64,,7.27
327,10/9/25 22:57,68,de,931378943,10/9/25 22:43,10/9/25 22:57,,2,Less often (e.g. every few months),(Almost) Never,Min. 3-5 times per year,Min. 3-5 times per year,Min. 3-5 times per year,Min. 1-2 times per year,(Almost) Never,(Almost) Never,(Almost) Never,Min. 1-2 times per year,Often,Up to 2-4 weeks in advance,Rather A,Rather A,Neutral,,,,,,,,,,,,,,Train B,Train A,Train A,Train A,Train A,,Train A,Train A,Train A,Train A,Train A,,,,,,,,,,,,,,,,,,,,,,,,,,,18 - 25,Female,1000 - 2000 €,"Large City (e.g. Berlin, Munich, Stuttgart)",High School,Student,,Yes,No,Yes – Deutschlandticket,,,847.48,,31.22,,,103.96,17.57,43.49,16.06,215.64,85.94,,17.71,,,,,,,,,,,,,,,32.3,13.62,13.33,21.22,66,3.25,6.96,10.23,16.5,11.08,41,,,,,,,,,,,,,,,,,,,,,,,,,,,,,2.06,,5.36,3.46,3.67,4.2,20.01,19.41,10.32,3.25,2.85,,5.81
329,10/10/25 6:51,68,en,2040343245,10/10/25 6:44,10/10/25 6:51,,2,Less often (e.g. every few months),Min. 1-2 times per month,Min. 3-5 times per year,Min. 1-2 times per year,Min. 1-2 times per month,Min. 1-2 times per year,Min. 1-2 times per year,(Almost) Never,Min. 1-2 times per year,Min. 1-2 times per year,Rarely,Up to 2-4 weeks in advance,Rather A,Rather B,Rather A,,,,,,,,,,,,,,Train B,Train A,Train B,Train A,Train B,,Train A,Train A,Train A,Train B,Train A,,,,,,,,,,,,,,,,,,,,,,,,,,,26 - 35,Female,1000 - 2000 €,"Large City (e.g. Berlin, Munich, Stuttgart)","University (Bachelor, Master, PhD)",Student,,No,,Yes – Deutschlandticket,,,433.77,,24.68,,,17.11,49.24,48.9,13.71,9.7,57.17,,44.27,,,,,,,,,,,,,,,18.36,6.64,8.64,11.62,12.61,3.7,14.02,11.4,8.85,14.23,7.44,,,,,,,,,,,,,,,,,,,,,,,,,,,,,2.48,,6.6,4.08,5.32,5.38,3.94,8.49,6.19,,4.26,,4.74
330,10/10/25 7:35,68,en,345646444,10/10/25 7:23,10/10/25 7:35,,2,Less often (e.g. every few months),3+ times per week,Min. 1-2 times per year,Min. 3-5 times per year,Min. 3-5 times per year,Min. 1-2 times per year,(Almost) Never,(Almost) Never,(Almost) Never,Min. 1-2 times per year,In around 50 % of the trips,Up to 2-4 weeks in advance,Rather A,Rather B,Rather A,,,,,,,,,,,,,,Train A,Train B,Train B,Train A,Train A,,Train A,Train B,Train A,Train B,Train A,,,,,,,,,,,,,,,,,,,,,,,,,,,26 - 35,Male,1000 - 2000 €,"Small Town (e.g. Freising, Dachau, Memmingen)","University (Bachelor, Master, PhD)",Student,,No,,Yes – Deutschlandticket,,,717.07,,61.64,,,23.57,48.09,53.99,14.04,11.2,140.46,,97.71,,,,,,,,,,,,,,,27.92,12.02,20.94,13.71,42.79,3.42,15.06,9.42,7.65,16.62,11.43,,,,,,,,,,,,,,,,,,,,,,,,,,,,,4.17,,8.71,4.1,9.28,14.86,7.41,10.35,6.94,,5.48,,14.09
331,10/10/25 8:20,68,en,1409611280,10/10/25 8:10,10/10/25 8:20,,4,Min. 1-2 times per month,Min. 1-2 times per year,Min. 3-5 times per year,Min. 1-2 times per year,Min. 3-5 times per year,(Almost) Never,(Almost) Never,(Almost) Never,Min. 3-5 times per year,Min. 1-2 times per year,In around 50 % of the trips,Up to 3 days before traveling,Rather A,Neutral,Strongly A,,,,,,,,,,,,,,,,,,,,,,,,,,,,,,,,,,,,,,Train A,Train B,Train B,Train B,Train A,,Train A,Train A,Train B,Train A,Train B,,,36 - 50,Male,Above 4000 €,"Medium City (e.g. Regensburg, Ingolstadt, Ulm)","University (Bachelor, Master, PhD)",Full or Part time worker,,Yes,Yes (private or company car),No,,For my business travel I usually don't care about price as it is paid by company and time is of importance here. For leisure travels if I have a further air connection/smaller vacation trip I choose fastest connection to avoid further trouble. In case I am relaxed in reaching my vacation/leisure destination I chose cheapest fare as I have a family and cost matters. ,794.29,,5.51,,,10.38,28.4,32.18,13.05,12.38,30.6,,49.24,,,,,,,,,,,,,,,,,,,,,,,,,,,,,,,,,,,,,,,,,23.24,16.2,19.86,28.5,17.26,3.61,14.16,40.33,9.27,11.43,8.88,,,6.92,,10.63,3.87,5.05,5.2,5.03,5.59,4.01,3.32,6.42,,363.77
333,10/10/25 10:03,68,de,2069375501,10/10/25 10:00,10/10/25 10:03,,1,3+ times per week,(Almost) Never,Min. 3-5 times per year,Min. 1-2 times per year,Min. 1-2 times per year,Min. 1-2 times per year,(Almost) Never,(Almost) Never,(Almost) Never,(Almost) Never,In around 50 % of the trips,Up to 1 week in advance,Neutral,Neutral,Rather A,,Train A,Train A,Train A,Train A,Train B,,Train B,Train B,Train A,Train A,Train A,,,,,,,,,,,,,,,,,,,,,,,,,,,,,,,,,,,,,,,18 - 25,Female,1000 - 2000 €,"Large City (e.g. Berlin, Munich, Stuttgart)",Prefer not to answer,Full or Part time worker,,Yes,No,Yes – Deutschlandticket,,,227.27,,5.86,,,13.42,7.48,25.48,12.6,8.46,13.8,,19.73,,10.82,15.08,4.79,5.23,3.89,3.47,5.33,2.92,2.26,2.54,2.77,,,,,,,,,,,,,,,,,,,,,,,,,,,,,,,,,,,,,,,,,,2.55,,4.81,4.16,2.96,6.11,9.97,7.91,4.87,6.59,4.93,,6.48
334,10/10/25 10:20,68,en,978036304,10/10/25 10:07,10/10/25 10:20,,4,Less often (e.g. every few months),(Almost) Never,Min. 1-2 times per year,(Almost) Never,Min. 1-2 times per year,(Almost) Never,(Almost) Never,(Almost) Never,(Almost) Never,(Almost) Never,In around 50 % of the trips,More than 1 month in advance,Rather A,Neutral,Strongly B,,,,,,,,,,,,,,,,,,,,,,,,,,,,,,,,,,,,,,Train B,Train B,Train A,Train B,Train A,,Train A,Train A,Train B,Train A,Train B,,,26 - 35,Female,Under 1000 €,"Large City (e.g. Berlin, Munich, Stuttgart)","University (Bachelor, Master, PhD)",Full or Part time worker,,No,,Yes – Deutschlandticket,,,681.79,,15.06,,,28.08,54.29,84.95,16.05,21.15,40.09,,78.08,,,,,,,,,,,,,,,,,,,,,,,,,,,,,,,,,,,,,,,,,32.92,57.13,23.06,22.7,23.12,5.15,15.62,24.8,15.83,16.41,16.26,,,3.3,,7.83,3.52,7.25,8.15,11.27,29.28,8.02,,5.76,,6.66
338,10/10/25 11:50,68,de,197472015,10/10/25 11:31,10/10/25 11:50,,3,Less often (e.g. every few months),Min. 1-2 times per year,Min. 1-2 times per year,Min. 1-2 times per year,Min. 1-2 times per week,Min. 1-2 times per year,(Almost) Never,Min. 1-2 times per year,(Almost) Never,(Almost) Never,Often,More than 1 month in advance,Strongly B,Strongly B,Strongly A,,,,,,,,,,,,,,,,,,,,,,,,,,Train B,Train A,Train A,Train B,Train A,,Train B,Train B,Train B,Train B,Train A,,,,,,,,,,,,,,,36 - 50,Female,2000 - 3000 €,"Large City (e.g. Berlin, Munich, Stuttgart)",Apprenticeship /Vocational Training,Full or Part time worker,,Yes,No,Yes – Deutschlandticket,,"Pünktlichkeit soll groß geschrieben werden, egal ob billige Tickets sind oder wenn man im Urlaub fährt.  
Danke für die Forschung!
",1278.09,,313.68,,,28.65,67.53,62.5,28.82,19.06,84.21,,127.76,,,,,,,,,,,,,,,,,,,,,,,,,,,,32.3,24.37,21.53,13.03,15.36,12.52,17.76,10.56,9.88,12.76,8.73,,,,,,,,,,,,,,,,3.6,,13.16,4.49,10.56,9.74,8.43,8.69,7.88,8.09,8.24,,284.2
344,10/10/25 17:01,68,de,321226771,10/10/25 16:54,10/10/25 17:01,,2,Less often (e.g. every few months),(Almost) Never,Min. 1-2 times per year,(Almost) Never,(Almost) Never,Min. 3-5 times per year,(Almost) Never,(Almost) Never,3+ times per week,(Almost) Never,(Almost) Never,More than 1 month in advance,Neutral,Neutral,Neutral,,,,,,,,,,,,,,Train B,Train A,Train B,Train B,Train B,,Train A,Train A,Train A,Train A,Train A,,,,,,,,,,,,,,,,,,,,,,,,,,,36 - 50,Male,Prefer not to answer,Rural Area,"University (Bachelor, Master, PhD)",Prefer not to answer,,Yes,Yes (private or company car),No,,,420.81,,14.76,,,15.79,21.48,43.8,24.96,9.37,29.61,,59.6,,,,,,,,,,,,,,,27.52,12.69,10.98,12.76,8.64,5.57,18.58,8.85,11.99,4.48,7.09,,,,,,,,,,,,,,,,,,,,,,,,,,,,,2.38,,5.44,5.93,5.18,8.13,7.79,8.59,4.61,3.73,6.37,,14.14
346,10/10/25 23:14,68,en,245089924,10/10/25 23:09,10/10/25 23:14,,1,Less often (e.g. every few months),(Almost) Never,Min. 3-5 times per year,Min. 1-2 times per year,Min. 1-2 times per year,(Almost) Never,Min. 1-2 times per year,Min. 1-2 times per year,(Almost) Never,(Almost) Never,In around 50 % of the trips,More than 1 month in advance,Strongly A,Neutral,Neutral,,Train B,Train A,Train B,Train B,Train B,,Train B,Train B,Train B,Train A,Train A,,,,,,,,,,,,,,,,,,,,,,,,,,,,,,,,,,,,,,,51 - 65,Male,3000 - 4000 €,"Large City (e.g. Berlin, Munich, Stuttgart)","University (Bachelor, Master, PhD)",Full or Part time worker,,Yes,No,Yes – Deutschlandticket,,,369,,30.96,,,8.69,28.9,31.83,15.79,9.63,26.01,,30.3,,17.22,12.7,8.5,22.12,10.89,3.66,23.38,10.27,6.04,11.48,9.19,,,,,,,,,,,,,,,,,,,,,,,,,,,,,,,,,,,,,,,,,,2.39,,4.14,2.94,4.02,3.98,3.74,7.35,3.88,6.97,5.35,,6.68
348,10/11/25 10:44,68,en,940458665,10/11/25 10:37,10/11/25 10:44,,3,3+ times per week,3+ times per week,3+ times per week,Min. 3-5 times per year,3+ times per week,(Almost) Never,Min. 3-5 times per year,(Almost) Never,3+ times per week,Min. 1-2 times per year,In around 50 % of the trips,Up to 2-4 weeks in advance,Neutral,Neutral,Neutral,,,,,,,,,,,,,,,,,,,,,,,,,,Train A,Train B,Train B,Train A,Train B,,Train A,Train B,Train A,Train B,Train A,,,,,,,,,,,,,,,26 - 35,Male,3000 - 4000 €,"Small Town (e.g. Freising, Dachau, Memmingen)","University (Bachelor, Master, PhD)",Full or Part time worker,,Yes,Yes (private or company car),Yes – Deutschlandticket,,,457.49,,12.18,,,12.3,33.16,54.71,70.64,11.02,38.37,,65.83,,,,,,,,,,,,,,,,,,,,,,,,,,,,15.02,9.51,25.92,6.7,4.36,1.96,9.43,3.94,3.68,3.44,6.09,,,,,,,,,,,,,,,,10.48,,4.33,2.78,6.78,13.14,3.64,6.8,5.32,2.91,4.71,,8.34
359,10/11/25 13:45,68,de,1454657583,10/11/25 13:30,10/11/25 13:45,,4,Less often (e.g. every few months),(Almost) Never,Min. 3-5 times per year,Min. 3-5 times per year,Min. 3-5 times per year,Min. 1-2 times per year,(Almost) Never,(Almost) Never,(Almost) Never,(Almost) Never,Often,More than 1 month in advance,Rather B,Rather B,Neutral,,,,,,,,,,,,,,,,,,,,,,,,,,,,,,,,,,,,,,Train B,Train B,Train B,Train B,Train B,,Train A,Train A,Train B,Train B,Train A,,,36 - 50,Female,2000 - 3000 €,"Large City (e.g. Berlin, Munich, Stuttgart)",Apprenticeship /Vocational Training,Full or Part time worker,,Yes,Yes (private or company car),Yes – Deutschlandticket,,,875.95,,76.42,,,28.68,26.34,79.36,19.17,31.56,92.59,,50.51,,,,,,,,,,,,,,,,,,,,,,,,,,,,,,,,,,,,,,,,,16.94,20.59,57.65,11.3,13.72,3.75,49.88,32.85,47.58,84.12,25.37,,,2.47,,4.99,3.03,51.9,4.83,12.92,4.24,7.67,3.91,5.59,,6.02
371,10/12/25 21:52,68,en,95631359,10/12/25 21:30,10/12/25 21:52,,2,Min. 1-2 times per month,Min. 1-2 times per month,Min. 1-2 times per month,Min. 1-2 times per week,Min. 1-2 times per month,Min. 1-2 times per month,(Almost) Never,(Almost) Never,(Almost) Never,Min. 1-2 times per year,In around 50 % of the trips,Up to 1 week in advance,Rather A,Rather B,Rather A,,,,,,,,,,,,,,Train A,Train A,Train A,Train A,Train A,,Train A,Train B,Train A,Train B,Train B,,,,,,,,,,,,,,,,,,,,,,,,,,,26 - 35,Male,Under 1000 €,"Large City (e.g. Berlin, Munich, Stuttgart)","University (Bachelor, Master, PhD)",Student,,No,,Yes – Deutschlandticket,,,1381.67,,5.49,,,18.29,26.79,334.48,12.98,12.51,568.98,,41.41,,,,,,,,,,,,,,,129.79,15.66,63.76,12.41,13.55,3.45,13.73,11.13,23.81,7.49,6.49,,,,,,,,,,,,,,,,,,,,,,,,,,,,,2.28,,6.56,5.46,4.53,7.26,4.63,7.23,7.52,,8.25,,5.75
373,10/13/25 11:39,68,en,661662353,10/13/25 9:55,10/13/25 11:39,,2,3+ times per week,3+ times per week,3+ times per week,Min. 1-2 times per year,Min. 3-5 times per year,(Almost) Never,(Almost) Never,(Almost) Never,Min. 3-5 times per year,Min. 3-5 times per year,In around 50 % of the trips,Up to 2-4 weeks in advance,Rather B,Rather B,Rather A,,,,,,,,,,,,,,Train B,Train B,Train B,Train B,Train B,,Train A,Train B,Train B,Train B,Train B,,,,,,,,,,,,,,,,,,,,,,,,,,,26 - 35,Female,3000 - 4000 €,"Large City (e.g. Berlin, Munich, Stuttgart)","University (Bachelor, Master, PhD)",Full or Part time worker,,Yes,Yes (private or company car),Yes – Deutschlandticket,,,6274.73,,5953.58,,,8.14,12.2,39.89,18.2,5.99,29.34,,49.37,,,,,,,,,,,,,,,11.92,9.06,6.51,9.8,14.85,4,16.23,7.4,11.13,7.29,5.41,,,,,,,,,,,,,,,,,,,,,,,,,,,,,4.56,,3.86,3.48,4.13,3.98,4.54,7.35,4.49,3.06,8.78,,6.19
374,10/13/25 11:12,68,en,1155095375,10/13/25 11:04,10/13/25 11:12,,2,Less often (e.g. every few months),Min. 1-2 times per week,Min. 1-2 times per month,Min. 1-2 times per year,Min. 1-2 times per week,(Almost) Never,(Almost) Never,(Almost) Never,Min. 1-2 times per week,Min. 1-2 times per year,Rarely,Up to 2-4 weeks in advance,Rather B,Rather B,Rather B,,,,,,,,,,,,,,Train B,Train A,Train B,Train A,Train B,,Train A,Train B,Train B,Train B,Train B,,,,,,,,,,,,,,,,,,,,,,,,,,,36 - 50,Female,3000 - 4000 €,"Small Town (e.g. Freising, Dachau, Memmingen)","University (Bachelor, Master, PhD)",Self-employed/ Own Business,,No,,No,,,481.88,,46.8,,,9.23,32.62,58.71,11.35,7.8,41.5,,53.09,,,,,,,,,,,,,,,14.22,26.03,11.82,17.99,8.93,7.04,9.84,9.86,28.04,5.75,11.77,,,,,,,,,,,,,,,,,,,,,,,,,,,,,4.28,,4.62,5.44,9.35,7.36,5.77,8.57,8.9,,7.97,,7.23
375,10/13/25 11:42,68,de,1531393132,10/13/25 11:32,10/13/25 11:42,,4,Less often (e.g. every few months),(Almost) Never,Min. 1-2 times per year,Min. 1-2 times per year,(Almost) Never,Min. 1-2 times per year,(Almost) Never,Min. 1-2 times per year,Min. 1-2 times per year,(Almost) Never,Often,More than 1 month in advance,Neutral,Rather B,Rather A,,,,,,,,,,,,,,,,,,,,,,,,,,,,,,,,,,,,,,Train B,Train B,Train B,Train B,Train B,,Train A,Train A,Train B,Train B,Train A,,,36 - 50,Female,3000 - 4000 €,"Large City (e.g. Berlin, Munich, Stuttgart)",Apprenticeship /Vocational Training,Full or Part time worker,,Yes,Yes (private or company car),Yes – Deutschlandticket,,,622.8,,45.57,,,14.76,74.36,69.21,13.29,17.88,59.66,,26.71,,,,,,,,,,,,,,,,,,,,,,,,,,,,,,,,,,,,,,,,,47.71,17.24,24.71,6.6,6.62,2.62,12.9,29.1,11.37,9.09,7.86,,,3.03,,4.03,3.74,45.19,4.34,5.13,4.44,4.2,29.48,16.96,,5
378,10/13/25 14:25,68,de,863111681,10/13/25 14:18,10/13/25 14:25,,1,I don’t use public transport for intercity trips,,,,,,,,,,Often,,Rather B,Rather B,Rather A,,Train B,Train B,Train B,Train B,Train B,,Train B,Train B,Train B,Train B,Train B,,,,,,,,,,,,,,,,,,,,,,,,,,,,,,,,,,,,,,,36 - 50,Male,Above 4000 €,"Large City (e.g. Berlin, Munich, Stuttgart)","University (Bachelor, Master, PhD)",Full or Part time worker,,Yes,Yes (private or company car),No,,,382.18,,22.76,,,17.57,,,23.47,,55.59,,25.96,,8.86,10.56,11.53,6.61,12.13,3.52,20.05,10.74,29.23,11.7,9.24,,,,,,,,,,,,,,,,,,,,,,,,,,,,,,,,,,,,,,,,,,7.01,,13.41,13.37,7.26,7.35,7.18,4.93,3.45,5.51,27.56,,5.63
380,10/13/25 16:45,68,de,479025279,10/13/25 16:39,10/13/25 16:45,,3,Less often (e.g. every few months),(Almost) Never,Min. 3-5 times per year,Min. 3-5 times per year,Min. 1-2 times per month,(Almost) Never,(Almost) Never,(Almost) Never,3+ times per week,Min. 1-2 times per year,In around 50 % of the trips,Up to 2-4 weeks in advance,Rather B,Strongly B,Strongly A,,,,,,,,,,,,,,,,,,,,,,,,,,Train B,Train B,Train B,Train B,Train B,,Train B,Train B,Train B,Train B,Train B,,,,,,,,,,,,,,,36 - 50,Male,3000 - 4000 €,"Large City (e.g. Berlin, Munich, Stuttgart)","University (Bachelor, Master, PhD)",Self-employed/ Own Business,,Yes,Yes (private or company car),Yes – Deutschlandticket,,,350.17,,26.18,,,20.91,19.3,39.02,10,4.37,43.05,,20.55,,,,,,,,,,,,,,,,,,,,,,,,,,,,16.23,20.32,12.67,20.16,6.81,2.44,15.32,8,3.89,4.03,4.38,,,,,,,,,,,,,,,,2.52,,4.62,4.79,6.71,4.91,7.41,4.3,3.93,3.84,5.06,,4.45
384,10/13/25 19:22,68,en,577904789,10/13/25 19:16,10/13/25 19:22,,2,Min. 1-2 times per month,(Almost) Never,Min. 1-2 times per month,Min. 1-2 times per month,Min. 1-2 times per month,Min. 3-5 times per year,(Almost) Never,(Almost) Never,(Almost) Never,Min. 3-5 times per year,In around 50 % of the trips,Up to 1 week in advance,Strongly A,Strongly A,Rather B,,,,,,,,,,,,,,Train A,Train A,Train B,Train A,Train B,,Train A,Train B,Train A,Train B,Train A,,,,,,,,,,,,,,,,,,,,,,,,,,,18 - 25,Female,Under 1000 €,"Large City (e.g. Berlin, Munich, Stuttgart)","University (Bachelor, Master, PhD)",Student,,Yes,No,Yes – Deutschlandticket,,,360.7,,17.01,,,25.71,30.02,36.8,11.44,8.78,39.8,,29.11,,,,,,,,,,,,,,,15.98,12.36,7.94,5.81,6.96,4.88,13.67,6.66,6.87,6.82,9.75,,,,,,,,,,,,,,,,,,,,,,,,,,,,,7.22,,3.32,2.49,3.74,7.76,6.08,3.81,9.28,4.15,10.07,,6.41
394,10/14/25 12:08,68,en,831371609,10/14/25 12:00,10/14/25 12:08,,2,Less often (e.g. every few months),(Almost) Never,Min. 3-5 times per year,Min. 3-5 times per year,Min. 3-5 times per year,Min. 1-2 times per year,(Almost) Never,(Almost) Never,(Almost) Never,(Almost) Never,Often,Up to 2-4 weeks in advance,Strongly B,Strongly B,Rather A,,,,,,,,,,,,,,Train B,Train B,Train B,Train B,Train B,,Train A,Train B,Train A,Train B,Train B,,,,,,,,,,,,,,,,,,,,,,,,,,,18 - 25,Female,1000 - 2000 €,"Medium City (e.g. Regensburg, Ingolstadt, Ulm)","University (Bachelor, Master, PhD)",Student,,No,,Yes – Deutschlandticket,,,470.43,,15.47,,,50.37,36.26,47.76,14.28,12.62,43.58,,74.51,,,,,,,,,,,,,,,10.9,15.27,5.37,9.51,5.51,3.3,12.14,5.35,11.92,12.63,6.31,,,,,,,,,,,,,,,,,,,,,,,,,,,,,1.98,,3.27,4.04,21.01,23.47,7.36,4.72,3.55,,3.14,,4.83
395,10/14/25 12:55,68,de,949674208,10/14/25 12:47,10/14/25 12:55,,2,Less often (e.g. every few months),(Almost) Never,Min. 1-2 times per year,Min. 1-2 times per year,Min. 1-2 times per year,Min. 1-2 times per year,(Almost) Never,Min. 1-2 times per year,Min. 1-2 times per year,(Almost) Never,In around 50 % of the trips,Up to 2-4 weeks in advance,Rather A,Neutral,Rather A,,,,,,,,,,,,,,Train B,Train B,Train B,Train B,Train B,,Train A,Train B,Train A,Train B,Train A,,,,,,,,,,,,,,,,,,,,,,,,,,,36 - 50,Female,2000 - 3000 €,"Small Town (e.g. Freising, Dachau, Memmingen)",Apprenticeship /Vocational Training,Full or Part time worker,,Yes,Yes (private or company car),No,,,491.48,,18.19,,,15.97,35.62,33.63,20.79,20.18,72.3,,16.03,,,,,,,,,,,,,,,7.97,9.23,11.24,19.08,4.14,5.39,16.88,42.16,17.71,17.76,25.47,,,,,,,,,,,,,,,,,,,,,,,,,,,,,2.61,,7.67,3.24,27.34,6.87,5.3,5.21,2.79,2.85,12.69,,5.17
396,10/14/25 17:45,68,en,677372311,10/14/25 17:34,10/14/25 17:45,,4,Min. 1-2 times per month,Min. 1-2 times per year,Min. 1-2 times per month,Min. 3-5 times per year,Min. 1-2 times per month,Min. 1-2 times per year,(Almost) Never,(Almost) Never,(Almost) Never,(Almost) Never,Often,Up to 2-4 weeks in advance,Rather A,Neutral,Rather A,,,,,,,,,,,,,,,,,,,,,,,,,,,,,,,,,,,,,,Train B,Train B,Train B,Train B,Train A,,Train A,Train A,Train B,Train A,Train B,,,36 - 50,Male,1000 - 2000 €,"Small Town (e.g. Freising, Dachau, Memmingen)","University (Bachelor, Master, PhD)",Full or Part time worker,,No,,Yes – Deutschlandticket,,,680.97,,2.67,,,35.43,64.26,85.06,12.23,24.97,54,,27.4,,,,,,,,,,,,,,,,,,,,,,,,,,,,,,,,,,,,,,,,,43.15,16.43,27.23,11.36,12.2,3.37,41.81,36.77,27.87,21.25,38.29,,,5.02,,19.88,13.74,6.19,14.05,5.03,14.94,3,,7.15,,6.22
397,10/14/25 17:45,68,de,297339937,10/14/25 17:34,10/14/25 17:45,,1,Min. 1-2 times per month,Min. 1-2 times per year,Min. 1-2 times per month,Min. 3-5 times per year,Min. 1-2 times per month,Min. 1-2 times per year,(Almost) Never,(Almost) Never,(Almost) Never,(Almost) Never,In around 50 % of the trips,More than 1 month in advance,Rather A,Neutral,Rather A,,Train A,Train B,Train A,Train B,Train A,,Train A,Train A,Train A,Train A,Train A,,,,,,,,,,,,,,,,,,,,,,,,,,,,,,,,,,,,,,,26 - 35,Female,1000 - 2000 €,"Medium City (e.g. Regensburg, Ingolstadt, Ulm)","University (Bachelor, Master, PhD)",Student,,No,,Yes – Deutschlandticket,,,693.75,,18.61,,,33.21,61.71,88.13,13.13,22.63,54.69,,30.31,,36.01,13.3,34.63,11.69,10.3,3.52,45.51,40.26,8.13,31.63,42.54,,,,,,,,,,,,,,,,,,,,,,,,,,,,,,,,,,,,,,,,,,3.45,,19.3,12.43,8.12,13.54,5.48,13.54,5.21,,5.81,,6.93
400,10/15/25 9:29,68,en,1871612875,10/15/25 9:25,10/15/25 9:29,,2,Min. 1-2 times per month,(Almost) Never,Min. 1-2 times per month,Min. 1-2 times per month,Min. 1-2 times per month,Min. 1-2 times per month,(Almost) Never,(Almost) Never,(Almost) Never,Min. 1-2 times per year,In around 50 % of the trips,Up to 1 week in advance,Rather B,Rather B,Rather B,,,,,,,,,,,,,,Train B,Train B,Train B,Train B,Train B,,Train B,Train B,Train B,Train B,Train B,,,,,,,,,,,,,,,,,,,,,,,,,,,26 - 35,Female,3000 - 4000 €,"Large City (e.g. Berlin, Munich, Stuttgart)","University (Bachelor, Master, PhD)",Full or Part time worker,,No,,Yes – Deutschlandticket,,,268.38,,2.99,,,26.62,22.71,58.63,13.26,5.67,21.96,,7.19,,,,,,,,,,,,,,,5.05,3.27,3.14,2.86,3.81,3.04,3.34,3.08,3.49,3.27,3,,,,,,,,,,,,,,,,,,,,,,,,,,,,,1.66,,4.8,4,8.56,13.53,3.76,7.26,10.97,,3.48,,13.98
401,10/15/25 10:03,68,de,1338356261,10/15/25 9:48,10/15/25 10:03,,2,Less often (e.g. every few months),(Almost) Never,Min. 1-2 times per year,Min. 1-2 times per year,Min. 1-2 times per year,Min. 1-2 times per year,(Almost) Never,(Almost) Never,(Almost) Never,(Almost) Never,In around 50 % of the trips,Up to 1 week in advance,Rather B,Strongly B,Rather A,,,,,,,,,,,,,,Train B,Train B,Train B,Train B,Train B,,Train A,Train B,Train A,Train B,Train B,,,,,,,,,,,,,,,,,,,,,,,,,,,Above 65,Female,2000 - 3000 €,"Large City (e.g. Berlin, Munich, Stuttgart)",Prefer not to answer,Prefer not to answer,,Yes,No,Yes – Deutschlandticket,,,894.62,,21.23,,,36.61,41.53,114.92,16.96,37.42,36.54,,76.9,,,,,,,,,,,,,,,77.42,9.17,8.65,18.06,56.16,2.97,24.57,26.79,52.98,22.46,4.3,,,,,,,,,,,,,,,,,,,,,,,,,,,,,3.93,,19.71,2.94,82.5,25.65,15.09,21.55,8.55,8.32,12.1,,8.64
402,10/15/25 10:19,68,de,1332730373,10/15/25 10:12,10/15/25 10:19,,3,Less often (e.g. every few months),(Almost) Never,Min. 1-2 times per year,Min. 1-2 times per year,Min. 1-2 times per year,Min. 1-2 times per year,Min. 1-2 times per year,(Almost) Never,(Almost) Never,(Almost) Never,Rarely,Up to 2-4 weeks in advance,Rather A,Rather A,Neutral,,,,,,,,,,,,,,,,,,,,,,,,,,Train A,Train A,Train B,Train B,Train B,,Train A,Train B,Train A,Train A,Train A,,,,,,,,,,,,,,,36 - 50,Female,2000 - 3000 €,"Small Town (e.g. Freising, Dachau, Memmingen)",Apprenticeship /Vocational Training,Full or Part time worker,,Yes,Yes (private or company car),"Yes – Local or regional seasonal ticket (e.g., IsarCard, 365-Euro-Ticket, or similar)",,,424.8,,4.53,,,10.19,16.8,15.54,21.44,13.96,67.64,,15.26,,,,,,,,,,,,,,,,,,,,,,,,,,,,7.93,8.76,26.32,35.3,17.84,2.92,18.46,13.77,7.62,10.91,3.59,,,,,,,,,,,,,,,,2.36,,32.81,4.36,22.95,5.21,6.22,5.87,8.88,3.6,9.29,,4.47
403,10/15/25 11:29,68,en,206160883,10/15/25 11:20,10/15/25 11:29,,4,Min. 1-2 times per month,(Almost) Never,Min. 1-2 times per month,Min. 1-2 times per month,Min. 3-5 times per year,Min. 1-2 times per year,Min. 1-2 times per year,(Almost) Never,(Almost) Never,(Almost) Never,In around 50 % of the trips,Up to 2-4 weeks in advance,Neutral,Rather A,Neutral,,,,,,,,,,,,,,,,,,,,,,,,,,,,,,,,,,,,,,Train B,Train B,Train B,Train B,Train A,,Train A,Train A,Train B,Train A,Train A,,,26 - 35,Female,2000 - 3000 €,"Large City (e.g. Berlin, Munich, Stuttgart)",Prefer not to answer,Full or Part time worker,,Yes,No,Yes – Deutschlandticket,,,508.57,,29.43,,,26.4,43.17,96.5,4,8.49,55.13,,40.19,,,,,,,,,,,,,,,,,,,,,,,,,,,,,,,,,,,,,,,,,9.72,5.19,6.63,17.17,38.86,1.77,7.87,6.78,9.76,9.51,14.82,,,5.68,,4.75,2.6,6.78,4.6,10.29,3.18,7.02,3.01,24.64,,4.63
405,10/15/25 11:39,68,en,1429064446,10/15/25 11:33,10/15/25 11:39,,1,Min. 1-2 times per month,3+ times per week,Min. 3-5 times per year,(Almost) Never,3+ times per week,Min. 1-2 times per year,Min. 1-2 times per year,(Almost) Never,(Almost) Never,(Almost) Never,Often,More than 1 month in advance,Rather A,Neutral,Rather A,,Train A,Train B,Train A,Train B,Train B,,Train B,Train A,Train A,Train A,Train B,,,,,,,,,,,,,,,,,,,,,,,,,,,,,,,,,,,,,,,26 - 35,Male,1000 - 2000 €,"Medium City (e.g. Regensburg, Ingolstadt, Ulm)","University (Bachelor, Master, PhD)",Student,,No,,Yes – Deutschlandticket,,,417.61,,7.95,,,18.76,25.43,37.61,19.18,11.12,96.02,,27.07,,7.35,14.64,7.85,19.72,5.71,4.09,6.27,6.81,19.15,14.24,21.36,,,,,,,,,,,,,,,,,,,,,,,,,,,,,,,,,,,,,,,,,,2.44,,3.65,3.37,3.59,7.18,5.29,11.15,3.36,,3.13,,4.12
406,10/15/25 12:42,68,en,1383264228,10/15/25 12:34,10/15/25 12:42,,4,I don’t use public transport for intercity trips,,,,,,,,,,(Almost) Always,,Rather A,Rather B,Rather A,,,,,,,,,,,,,,,,,,,,,,,,,,,,,,,,,,,,,,Train A,Train B,Train A,Train B,Train A,,Train A,Train A,Train A,Train A,Train A,,,18 - 25,Female,3000 - 4000 €,Rural Area,"University (Bachelor, Master, PhD)",Full or Part time worker,,Yes,Yes (private or company car),Yes – Deutschlandticket,,,506.94,,42.88,,,42.91,,,33.99,,35.78,,58.73,,,,,,,,,,,,,,,,,,,,,,,,,,,,,,,,,,,,,,,,,24.35,35.12,13.8,22.26,15.75,6.15,15.66,25.12,13.25,10.04,13.84,,,6.21,,4.16,3.66,14.92,14.04,5.1,8.8,13,10.95,4.83,,11.64
411,10/15/25 12:57,68,de,531881950,10/15/25 12:50,10/15/25 12:57,,4,Less often (e.g. every few months),(Almost) Never,Min. 1-2 times per year,(Almost) Never,Min. 1-2 times per year,(Almost) Never,(Almost) Never,(Almost) Never,(Almost) Never,(Almost) Never,Rarely,More than 1 month in advance,Rather A,Rather B,Strongly A,,,,,,,,,,,,,,,,,,,,,,,,,,,,,,,,,,,,,,Train A,Train B,Train A,Train B,Train A,,Train A,Train B,Train B,Train A,Train B,,,36 - 50,Female,2000 - 3000 €,"Small Town (e.g. Freising, Dachau, Memmingen)","University (Bachelor, Master, PhD)",Other,vorübergehend berufsunfähig,Yes,Yes (private or company car),No,,,414.45,,18.09,,,9.55,20.57,36.1,12.39,7.98,32.36,,36.43,,,,,,,,,,,,,,,,,,,,,,,,,,,,,,,,,,,,,,,,,22.82,11.55,29.36,8.25,18.7,4.25,12.61,7.06,15.94,16.47,9.81,,,2.96,,4.97,2.76,6.21,10.73,8.98,29.19,4.37,4.2,5.95,,3.84
412,10/15/25 13:18,68,de,1390934260,10/15/25 13:13,10/15/25 13:18,,3,3+ times per week,3+ times per week,Min. 1-2 times per year,Min. 3-5 times per year,Min. 1-2 times per month,(Almost) Never,(Almost) Never,(Almost) Never,Min. 1-2 times per month,Min. 1-2 times per year,Often,Up to 2-4 weeks in advance,Neutral,Neutral,Neutral,,,,,,,,,,,,,,,,,,,,,,,,,,Train A,Train B,Train B,Train A,Train B,,Train A,Train B,Train A,Train B,Train A,,,,,,,,,,,,,,,18 - 25,Male,1000 - 2000 €,"Large City (e.g. Berlin, Munich, Stuttgart)","University (Bachelor, Master, PhD)",Student,,Yes,Yes (private or company car),Yes – Deutschlandticket,,,300.89,,12.89,,,7.71,16.51,30.98,6.56,6.99,15.19,,34.09,,,,,,,,,,,,,,,,,,,,,,,,,,,,15.47,15.13,15.88,10.09,11.68,2.24,14.16,13.51,11.5,7.16,10.08,,,,,,,,,,,,,,,,2.32,,2.83,2.72,4.09,3.93,2.75,4.15,5.25,3.5,3.81,,7.72
413,10/15/25 13:42,68,en,1057529474,10/15/25 13:33,10/15/25 13:42,,3,Less often (e.g. every few months),(Almost) Never,Min. 3-5 times per year,(Almost) Never,(Almost) Never,Min. 1-2 times per year,(Almost) Never,Min. 1-2 times per year,Min. 1-2 times per year,Min. 1-2 times per year,Rarely,Up to 2-4 weeks in advance,Rather B,Rather B,Rather B,,,,,,,,,,,,,,,,,,,,,,,,,,Train A,Train B,Train B,Train A,Train A,,Train B,Train B,Train A,Train B,Train B,,,,,,,,,,,,,,,18 - 25,Female,1000 - 2000 €,"Large City (e.g. Berlin, Munich, Stuttgart)","University (Bachelor, Master, PhD)",Full or Part time worker,,Yes,No,Yes – Deutschlandticket,,Pictures initially took so long time to load ,602.58,,13.25,,,15.25,24.4,30.17,9.27,75.49,31.2,,74.18,,,,,,,,,,,,,,,,,,,,,,,,,,,,158.35,3.14,9.19,11.47,7.96,1.78,10.2,6.4,5.47,8.47,5.72,,,,,,,,,,,,,,,,2.68,,3.65,2.91,6.45,3.49,4.81,8.09,4.7,5.16,3.58,,55.7
416,10/16/25 6:22,68,en,743290950,10/16/25 6:13,10/16/25 6:22,,2,Less often (e.g. every few months),Min. 1-2 times per year,Min. 1-2 times per month,Min. 1-2 times per year,Min. 1-2 times per month,Min. 1-2 times per year,Min. 1-2 times per year,(Almost) Never,(Almost) Never,Min. 1-2 times per year,In around 50 % of the trips,Up to 2-4 weeks in advance,Rather A,Neutral,Rather A,,,,,,,,,,,,,,Train B,Train B,Train B,Train A,Train B,,Train A,Train B,Train A,Train B,Train A,,,,,,,,,,,,,,,,,,,,,,,,,,,18 - 25,Female,1000 - 2000 €,"Large City (e.g. Berlin, Munich, Stuttgart)","University (Bachelor, Master, PhD)",Student,,No,,Yes – Deutschlandticket,,,571.95,,32.76,,,17.14,54.65,68.83,8.49,9.3,55.25,,54.56,,,,,,,,,,,,,,,18.67,39.66,26.71,13.72,31.28,2.62,7.21,28.49,5.04,11.48,6.84,,,,,,,,,,,,,,,,,,,,,,,,,,,,,3.12,,11.16,2.47,12.72,23.46,4.7,11.14,3.33,,2.53,,4.62
417,10/16/25 6:30,68,en,290218816,10/16/25 6:22,10/16/25 6:30,,4,Min. 1-2 times per month,(Almost) Never,Min. 1-2 times per month,Min. 1-2 times per year,Min. 1-2 times per month,Min. 1-2 times per year,(Almost) Never,(Almost) Never,(Almost) Never,Min. 1-2 times per year,In around 50 % of the trips,Up to 2-4 weeks in advance,Rather B,Rather B,Strongly A,,,,,,,,,,,,,,,,,,,,,,,,,,,,,,,,,,,,,,Train B,Train B,Train B,Train B,Train B,,Train A,Train B,Train B,Train A,Train B,,,18 - 25,Female,2000 - 3000 €,"Large City (e.g. Berlin, Munich, Stuttgart)","University (Bachelor, Master, PhD)",Student,,Yes,Yes (private or company car),Yes – Deutschlandticket,,,450.17,,21.79,,,30.65,16.74,47.25,2.66,4.86,65.03,,35.15,,,,,,,,,,,,,,,,,,,,,,,,,,,,,,,,,,,,,,,,,8.89,6.94,6.96,14.18,13.96,1.64,6.32,3.53,3.44,54.89,27.63,,,2.11,,8.74,3.2,8.15,13.92,6.31,3.31,2.45,2.63,22.56,,4.28
419,10/16/25 9:44,68,en,278460600,10/16/25 9:28,10/16/25 9:44,,3,Less often (e.g. every few months),Min. 1-2 times per year,Min. 3-5 times per year,(Almost) Never,Min. 3-5 times per year,(Almost) Never,(Almost) Never,(Almost) Never,(Almost) Never,Min. 1-2 times per year,In around 50 % of the trips,More than 1 month in advance,Rather A,Rather A,Strongly A,,,,,,,,,,,,,,,,,,,,,,,,,,Train A,Train B,Train B,Train A,Train B,,Train A,Train B,Train A,Train B,Train A,,,,,,,,,,,,,,,18 - 25,Female,Under 1000 €,"Large City (e.g. Berlin, Munich, Stuttgart)","University (Bachelor, Master, PhD)",Student,,No,,Yes – Deutschlandticket,,,1017.07,,5.18,,,110.47,135.29,396.68,3,42.33,42.1,,19.62,,,,,,,,,,,,,,,,,,,,,,,,,,,,47.55,42.1,4.43,12.36,4.73,3.16,22.72,33.79,5.38,3.28,3.32,,,,,,,,,,,,,,,,2.46,,19.78,4.15,8.65,5.66,12.5,4.68,4.18,,3.4,,14.12
420,10/16/25 15:56,68,en,653326595,10/16/25 15:20,10/16/25 15:56,,4,I don’t use public transport for intercity trips,,,,,,,,,,(Almost) Never,,Neutral,Neutral,Neutral,,,,,,,,,,,,,,,,,,,,,,,,,,,,,,,,,,,,,,Train B,Train B,Train B,Train B,Train B,,Train B,Train B,Train B,Train B,Train B,,,Prefer not to answer,Prefer not to answer,Prefer not to answer,Prefer not to answer,Prefer not to answer,Prefer not to answer,,Yes,Yes (private or company car),No,,it's me,2118.4,,43.34,,,2.82,,,4.07,,4.53,,4.03,,,,,,,,,,,,,,,,,,,,,,,,,,,,,,,,,,,,,,,,,700.16,5.19,3.86,4.54,4.19,2.53,28.69,4.94,3.95,3.89,5.01,,,1255.43,,3.39,2.92,2.73,3.1,2.93,2.99,2.86,3.26,3.15,,9.9
421,10/17/25 6:08,68,en,2064802621,10/17/25 6:01,10/17/25 6:08,,2,Less often (e.g. every few months),Min. 1-2 times per week,Min. 1-2 times per month,Min. 1-2 times per year,Min. 1-2 times per week,Min. 3-5 times per year,3+ times per week,(Almost) Never,Min. 1-2 times per year,Min. 1-2 times per year,Often,Up to 3 days before traveling,Neutral,Neutral,Rather A,,,,,,,,,,,,,,Train A,Train A,Train B,Train A,Train B,,Train A,Train A,Train A,Train B,Train A,,,,,,,,,,,,,,,,,,,,,,,,,,,26 - 35,Female,Under 1000 €,"Large City (e.g. Berlin, Munich, Stuttgart)","University (Bachelor, Master, PhD)",Student,,No,,Yes – Deutschlandticket,,,405.3,,7.45,,,39.56,22.75,67.31,15.73,17.32,23.49,,20.33,,,,,,,,,,,,,,,5.9,9.22,7.4,6.75,5.28,9.4,9.88,6.14,4.57,5.66,14.04,,,,,,,,,,,,,,,,,,,,,,,,,,,,,5.36,,8.03,4.07,9.24,8.84,11.43,20.68,17.39,,7.82,,14.26
422,10/17/25 6:09,68,en,1505848031,10/17/25 6:03,10/17/25 6:09,,1,Less often (e.g. every few months),Min. 1-2 times per year,Min. 3-5 times per year,(Almost) Never,Min. 3-5 times per year,Min. 1-2 times per year,Min. 1-2 times per year,(Almost) Never,(Almost) Never,Min. 1-2 times per year,Rarely,Up to 2-4 weeks in advance,Rather A,Neutral,Rather A,,Train B,Train B,Train B,Train B,Train B,,Train B,Train B,Train A,Train A,Train B,,,,,,,,,,,,,,,,,,,,,,,,,,,,,,,,,,,,,,,36 - 50,Female,1000 - 2000 €,"Large City (e.g. Berlin, Munich, Stuttgart)","University (Bachelor, Master, PhD)",Student,,No,,Yes – Deutschlandticket,,,416.74,,15.56,,,19.41,34.59,52.02,31.09,10.48,62.39,,31.02,,7.24,5.76,12.07,3.27,15.03,1.57,9.83,15.03,12.25,5.1,4.61,,,,,,,,,,,,,,,,,,,,,,,,,,,,,,,,,,,,,,,,,,2.39,,9.64,4.14,27.35,2.79,7.01,5.36,3.51,,2.43,,3.8
424,10/17/25 9:36,68,en,300626858,10/17/25 9:29,10/17/25 9:36,,4,I don’t use public transport for intercity trips,,,,,,,,,,In around 50 % of the trips,,Rather A,Neutral,Rather A,,,,,,,,,,,,,,,,,,,,,,,,,,,,,,,,,,,,,,Train B,Train B,Train B,Train B,Train A,,Train A,Train B,Train B,Train B,Train B,,,36 - 50,Female,3000 - 4000 €,"Medium City (e.g. Regensburg, Ingolstadt, Ulm)","University (Bachelor, Master, PhD)",Full or Part time worker,,Yes,Yes (private or company car),"Yes – Local or regional seasonal ticket (e.g., IsarCard, 365-Euro-Ticket, or similar)",,,449.16,,14.56,,,16.7,,,12.08,,84.64,,22.29,,,,,,,,,,,,,,,,,,,,,,,,,,,,,,,,,,,,,,,,,54.37,24.53,72.97,8.26,8,1.56,12.95,4.6,5.3,11.14,19.07,,,2.5,,4.17,2.29,6.74,11.62,7.52,14.58,4.8,3.07,13.91,,4.94
432,10/18/25 9:40,68,en,23996623,10/18/25 9:34,10/18/25 9:40,,1,Min. 1-2 times per month,3+ times per week,Min. 1-2 times per year,(Almost) Never,3+ times per week,Min. 1-2 times per year,(Almost) Never,(Almost) Never,(Almost) Never,Min. 1-2 times per year,In around 50 % of the trips,More than 1 month in advance,Rather A,Rather A,Rather A,,Train A,Train A,Train A,Train A,Train A,,Train A,Train A,Train A,Train A,Train A,,,,,,,,,,,,,,,,,,,,,,,,,,,,,,,,,,,,,,,26 - 35,Female,1000 - 2000 €,"Large City (e.g. Berlin, Munich, Stuttgart)","University (Bachelor, Master, PhD)",Student,,No,,Yes – Deutschlandticket,,,372.15,,14.67,,,13.64,32.34,27.65,14.67,48.06,18.4,,36.26,,9.23,11.15,4.12,17.12,3.32,5.23,28.94,6.98,3.8,4.72,4.79,,,,,,,,,,,,,,,,,,,,,,,,,,,,,,,,,,,,,,,,,,3.12,,8.86,8.13,21.34,4.7,3.09,4.34,3.41,,4.48,,5.59
433,10/18/25 9:47,68,en,961654178,10/18/25 9:41,10/18/25 9:47,,4,Min. 1-2 times per week,Min. 1-2 times per week,Min. 3-5 times per year,(Almost) Never,Min. 3-5 times per year,Min. 1-2 times per year,(Almost) Never,(Almost) Never,(Almost) Never,(Almost) Never,Rarely,More than 1 month in advance,Rather A,Neutral,Rather A,,,,,,,,,,,,,,,,,,,,,,,,,,,,,,,,,,,,,,Train B,Train B,Train B,Train B,Train A,,Train A,Train A,Train B,Train A,Train B,,,26 - 35,Female,1000 - 2000 €,"Medium City (e.g. Regensburg, Ingolstadt, Ulm)","University (Bachelor, Master, PhD)",Full or Part time worker,,No,,Yes – Deutschlandticket,,,331.02,,18.1,,,8.36,22.44,21.36,10.71,8.8,22.27,,22.86,,,,,,,,,,,,,,,,,,,,,,,,,,,,,,,,,,,,,,,,,21.63,9.85,14.16,8.19,7.57,4.18,37.5,5.08,5.31,5.95,15.42,,,2.39,,8.86,2.88,11.96,10.37,4.73,10.55,2.9,,2.52,,4.12
434,10/18/25 10:26,68,en,2123662290,10/18/25 10:21,10/18/25 10:26,,1,Less often (e.g. every few months),(Almost) Never,Min. 1-2 times per year,(Almost) Never,Min. 1-2 times per year,Min. 1-2 times per year,(Almost) Never,Min. 1-2 times per year,(Almost) Never,(Almost) Never,Often,Up to 2-4 weeks in advance,Rather A,Neutral,Rather A,,Train A,Train A,Train A,Train B,Train A,,Train A,Train A,Train A,Train A,Train A,,,,,,,,,,,,,,,,,,,,,,,,,,,,,,,,,,,,,,,36 - 50,Female,Under 1000 €,"Medium City (e.g. Regensburg, Ingolstadt, Ulm)","University (Bachelor, Master, PhD)",Unemployed,,No,,Yes – Deutschlandticket,,,320.42,,24.11,,,19.07,13.67,42.18,7.25,10.15,18.33,,39.16,,15.71,12.6,4.26,13.2,4.6,6.04,7.85,14.04,4.77,5.4,3.94,,,,,,,,,,,,,,,,,,,,,,,,,,,,,,,,,,,,,,,,,,3.02,,6.26,2.55,7.01,4.93,8.18,5.94,2.27,,9.71,,4.22
435,10/18/25 12:34,68,en,169833669,10/18/25 12:24,10/18/25 12:34,,3,Min. 1-2 times per month,Min. 1-2 times per year,Min. 1-2 times per month,(Almost) Never,Min. 1-2 times per month,(Almost) Never,(Almost) Never,(Almost) Never,(Almost) Never,Min. 1-2 times per year,Often,Up to 1 week in advance,Neutral,Strongly A,Rather A,,,,,,,,,,,,,,,,,,,,,,,,,,Train A,Train A,Train B,Train A,Train B,,Train A,Train B,Train A,Train B,Train A,,,,,,,,,,,,,,,26 - 35,Female,Under 1000 €,"Large City (e.g. Berlin, Munich, Stuttgart)","University (Bachelor, Master, PhD)",Student,,No,,Yes – Deutschlandticket,,,586.91,,130.83,,,21.4,47.82,55.78,16.13,46.17,51.39,,32.67,,,,,,,,,,,,,,,,,,,,,,,,,,,,26.89,19.14,10.43,12.04,7.33,2.49,10.77,8.14,5.24,8.44,6.75,,,,,,,,,,,,,,,,2.4,,7.08,2.75,5.29,8.33,6.17,7.91,9.09,,11.41,,6.63
436,10/18/25 21:23,68,en,1285753730,10/18/25 21:10,10/18/25 21:23,,2,Less often (e.g. every few months),(Almost) Never,Min. 1-2 times per year,(Almost) Never,Min. 1-2 times per year,Min. 1-2 times per year,(Almost) Never,(Almost) Never,(Almost) Never,(Almost) Never,Often,Up to 1 week in advance,Rather A,Rather A,Strongly A,,,,,,,,,,,,,,Train B,Train A,Train B,Train A,Train B,,Train A,Train A,Train A,Train B,Train A,,,,,,,,,,,,,,,,,,,,,,,,,,,36 - 50,Female,Under 1000 €,"Small Town (e.g. Freising, Dachau, Memmingen)","University (Bachelor, Master, PhD)",Student,,No,,Yes – Deutschlandticket,,,797.57,,24.03,,,21.89,62.15,84.74,21.67,20.86,87.08,,27.02,,,,,,,,,,,,,,,80.52,28.57,31.91,20.48,75.34,8.85,14.62,32.26,6.25,22.26,3.62,,,,,,,,,,,,,,,,,,,,,,,,,,,,,3.33,,9.02,8.17,30.85,17.82,3.34,35.32,3.25,,7.57,,4.78
439,10/19/25 16:43,68,de,1858907801,10/19/25 16:21,10/19/25 16:43,,2,Min. 1-2 times per week,Min. 1-2 times per month,Min. 1-2 times per week,Min. 3-5 times per year,Min. 1-2 times per week,Min. 1-2 times per year,Min. 1-2 times per year,(Almost) Never,Min. 3-5 times per year,(Almost) Never,(Almost) Never,Up to 3 days before traveling,Rather B,Strongly B,Rather A,,,,,,,,,,,,,,Train B,Train B,Train B,Train B,Train B,,Train A,Train B,Train B,Train B,Train B,,,,,,,,,,,,,,,,,,,,,,,,,,,18 - 25,Male,1000 - 2000 €,"Large City (e.g. Berlin, Munich, Stuttgart)","University (Bachelor, Master, PhD)",Student,,Yes,Yes (private or company car),Yes – Deutschlandticket,,"- Verspätungsrisiko in der Umfrage schwer greifbar/vorstellbar > Überlegung vielleicht noch stärker in Beispielen denken: Mehr Umstiege können ein höheres Verspätungsrisiko bedeuten oder geringe Umstiegszeiten etc. > Durch bessere Beispiele wird die Umfrage dann intuitiver und kann noch besser die wahrscheinliche Entscheidung zwischen zwei fiktiven Auswahlmöglichkeiten widerspiegeln
- Betitelung mit Intercity Fahrten intuitiv falsch verstanden > Hier gibt es eine Verwechslungsgefahr mit dem gleichbenannten IC der Deutschen Bahn und dem ähnlich bezeichneten ICE. Das in der Umfrage aber auch das Verhalten im Bezug auf Regionalzüge untersucht werden soll, hat gerade bei den ersten Fragen dafür gesorgt, dass ich meine Antworten nochmal korrigieren musste. Denn ich fahre zwar aktuell selten IC & ICE, jedoch sehr regelmäßig/wöchentlich Regionalbahn für eine Strecke größer 100 km.",1739.47,,41.13,,,49.81,100.87,81.94,9.08,18.54,51.75,,42.76,,,,,,,,,,,,,,,28.08,16.34,16.39,65.21,29.43,4.26,24.51,18.32,14.54,14.46,13.48,,,,,,,,,,,,,,,,,,,,,,,,,,,,,3.41,,6.39,2.98,15.36,9.02,5.18,12.11,6.84,5.08,8,,1024.2
443,10/19/25 20:24,68,en,710123803,10/19/25 20:03,10/19/25 20:24,,4,Less often (e.g. every few months),(Almost) Never,Min. 3-5 times per year,(Almost) Never,Min. 3-5 times per year,(Almost) Never,(Almost) Never,(Almost) Never,(Almost) Never,Min. 1-2 times per year,Often,Up to 1 week in advance,Rather A,Rather A,Strongly A,,,,,,,,,,,,,,,,,,,,,,,,,,,,,,,,,,,,,,Train A,Train B,Train A,Train B,Train A,,Train A,Train A,Train A,Train A,Train A,,,26 - 35,Male,Under 1000 €,"Large City (e.g. Berlin, Munich, Stuttgart)","University (Bachelor, Master, PhD)",Full or Part time worker,,No,,Yes – Deutschlandticket,,,1270.22,,491.21,,,33.71,106.7,97.76,15.02,17.11,165.32,,61.57,,,,,,,,,,,,,,,,,,,,,,,,,,,,,,,,,,,,,,,,,69.82,44.62,9.37,23.45,18.92,4.28,13.27,6.85,13.12,9.69,6.87,,,2.98,,3.4,2.69,5.26,4.11,3.81,4.51,7.28,,19.26,,8.26
444,10/19/25 21:45,68,en,1066949016,10/19/25 21:39,10/19/25 21:45,,1,I don’t use public transport for intercity trips,,,,,,,,,,Often,,Neutral,Neutral,Rather A,,Train A,Train B,Train A,Train B,Train B,,Train B,Train B,Train A,Train A,Train B,,,,,,,,,,,,,,,,,,,,,,,,,,,,,,,,,,,,,,,51 - 65,Female,3000 - 4000 €,"Large City (e.g. Berlin, Munich, Stuttgart)","University (Bachelor, Master, PhD)",Self-employed/ Own Business,,Yes,Yes (private or company car),Yes – Deutschlandticket,,,390.43,,27.58,,,15.03,,,5.66,,38.67,,33.17,,100.42,4.23,11.85,10.08,26.22,2.44,11.85,8.22,9.02,9.38,4.87,,,,,,,,,,,,,,,,,,,,,,,,,,,,,,,,,,,,,,,,,,3.74,,9.97,2.66,5.9,5.88,8.22,18.5,6.8,2.94,2.77,,4.36
447,10/20/25 6:26,68,de,1687337845,10/20/25 6:20,10/20/25 6:26,,3,Min. 1-2 times per week,Min. 1-2 times per week,Min. 3-5 times per year,(Almost) Never,Min. 1-2 times per week,Min. 1-2 times per year,(Almost) Never,(Almost) Never,(Almost) Never,Min. 1-2 times per year,Often,Up to 2-4 weeks in advance,Rather A,Neutral,Rather A,,,,,,,,,,,,,,,,,,,,,,,,,,Train A,Train A,Train B,Train B,Train B,,Train A,Train B,Train A,Train A,Train A,,,,,,,,,,,,,,,26 - 35,Female,1000 - 2000 €,"Large City (e.g. Berlin, Munich, Stuttgart)","University (Bachelor, Master, PhD)",Full or Part time worker,,No,,Yes – Deutschlandticket,,,426.3,,31.5,,,29.08,52.47,29.29,7.91,13.97,45.1,,32.52,,,,,,,,,,,,,,,,,,,,,,,,,,,,18,13.7,5.27,6.59,5.1,2.74,10.25,15.79,31.11,7.58,10.51,,,,,,,,,,,,,,,,2.15,,6.84,3.41,4.36,3.7,3.9,4.13,14.81,,4.17,,10.35
448,10/20/25 7:23,68,de,1277472130,10/20/25 7:19,10/20/25 7:23,,4,I don’t use public transport for intercity trips,,,,,,,,,,In around 50 % of the trips,,Neutral,Neutral,Rather A,,,,,,,,,,,,,,,,,,,,,,,,,,,,,,,,,,,,,,Train A,Train A,Train A,Train A,Train A,,Train A,Train A,Train B,Train B,Train B,,,36 - 50,Female,1000 - 2000 €,"Large City (e.g. Berlin, Munich, Stuttgart)",Apprenticeship /Vocational Training,Unemployed,,No,,Yes – Deutschlandticket,,,258.84,,4.01,,,2.44,,,2.19,,18.64,,10.17,,,,,,,,,,,,,,,,,,,,,,,,,,,,,,,,,,,,,,,,,5.75,5.71,4.41,9.07,15.09,2.81,83.31,9.08,9.05,5.59,17.49,,,7.85,,6.01,2.69,10.47,5.23,3.19,7.06,5.32,,2.56,,3.65
449,10/20/25 7:25,68,en,2097616408,10/20/25 7:19,10/20/25 7:25,,2,Min. 1-2 times per month,3+ times per week,Min. 1-2 times per month,Min. 1-2 times per year,Min. 1-2 times per month,Min. 1-2 times per year,Min. 3-5 times per year,Min. 3-5 times per year,(Almost) Never,Min. 3-5 times per year,In around 50 % of the trips,More than 1 month in advance,Strongly B,Rather B,Rather A,,,,,,,,,,,,,,Train B,Train A,Train A,Train A,Train A,,Train B,Train B,Train B,Train B,Train B,,,,,,,,,,,,,,,,,,,,,,,,,,,18 - 25,Male,Under 1000 €,"Small Town (e.g. Freising, Dachau, Memmingen)","University (Bachelor, Master, PhD)",Student,,No,,Yes – Deutschlandticket,,,351.38,,17.81,,,20.1,30.07,41.05,10.68,8.61,39.81,,45.66,,,,,,,,,,,,,,,23.58,9.03,15.27,8.73,4.39,5.6,6.06,2.89,3.98,2.91,3.9,,,,,,,,,,,,,,,,,,,,,,,,,,,,,4.77,,4.29,3.45,4.21,6.39,4.28,3.93,5.47,,3.57,,10.89
452,10/20/25 9:14,68,de,1839283763,10/20/25 9:07,10/20/25 9:14,,4,I don’t use public transport for intercity trips,,,,,,,,,,Often,,Rather A,Neutral,Rather A,,,,,,,,,,,,,,,,,,,,,,,,,,,,,,,,,,,,,,Train B,Train B,Train B,Train B,Train B,,Train A,Train B,Train B,Train B,Train B,,,36 - 50,Other,2000 - 3000 €,"Large City (e.g. Berlin, Munich, Stuttgart)",Apprenticeship /Vocational Training,Full or Part time worker,,Yes,Yes (private or company car),No,,,428.75,,29.52,,,65.95,,,22.36,,45.17,,34.88,,,,,,,,,,,,,,,,,,,,,,,,,,,,,,,,,,,,,,,,,24.56,5.78,6.33,3.99,54.02,3.77,9.94,5.42,7.53,8.5,6.38,,,2.58,,4.47,5.66,30.96,9.42,9.95,4.41,3.45,3.59,16.25,,3.91
453,10/20/25 9:25,68,de,1690407634,10/20/25 9:18,10/20/25 9:25,,4,3+ times per week,(Almost) Never,(Almost) Never,Min. 1-2 times per year,Min. 1-2 times per year,(Almost) Never,(Almost) Never,(Almost) Never,(Almost) Never,Min. 1-2 times per year,Rarely,Up to 2-4 weeks in advance,Strongly B,Strongly B,Strongly A,,,,,,,,,,,,,,,,,,,,,,,,,,,,,,,,,,,,,,Train A,Train B,Train B,Train B,Train B,,Train B,Train B,Train B,Train B,Train B,,,36 - 50,Female,3000 - 4000 €,"Large City (e.g. Berlin, Munich, Stuttgart)",Apprenticeship /Vocational Training,Full or Part time worker,,Yes,No,"Yes – Local or regional seasonal ticket (e.g., IsarCard, 365-Euro-Ticket, or similar)",,,443.1,,29.72,,,10.85,14.03,38.75,7.76,10.34,33.55,,45.48,,,,,,,,,,,,,,,,,,,,,,,,,,,,,,,,,,,,,,,,,31.15,16.55,17.33,25.91,12.96,4.96,11.21,7.98,10.53,7.43,12.44,,,5.25,,4.54,4.02,17.03,3.89,6.86,5.5,8.92,3.81,7.76,,26.59
455,10/20/25 9:29,68,de,1720424648,10/20/25 9:19,10/20/25 9:29,,1,3+ times per week,(Almost) Never,(Almost) Never,(Almost) Never,(Almost) Never,Min. 1-2 times per month,(Almost) Never,(Almost) Never,3+ times per week,(Almost) Never,Often,Up to 3 days before traveling,Neutral,Strongly A,Rather B,,Train B,Train B,Train B,Train B,Train B,,Train B,Train A,Train B,Train A,Train A,,,,,,,,,,,,,,,,,,,,,,,,,,,,,,,,,,,,,,,36 - 50,Female,Prefer not to answer,Rural Area,High School,Full or Part time worker,,Yes,Yes (private or company car),Yes – Deutschlandticket,,,642.95,,8.68,,,9.24,23.05,55.12,71,37.17,94.59,,75.56,,13.29,34.16,20.42,18.55,29.47,13.47,14.43,12.3,9.31,8.51,13.43,,,,,,,,,,,,,,,,,,,,,,,,,,,,,,,,,,,,,,,,,,3.3,,5.68,4.18,6.71,10.91,9.39,6.59,6.83,6.62,7.35,,13.64
456,10/20/25 9:35,68,en,763650490,10/20/25 9:28,10/20/25 9:35,,3,Min. 1-2 times per month,Min. 3-5 times per year,Min. 1-2 times per month,Min. 1-2 times per week,Min. 1-2 times per month,3+ times per week,(Almost) Never,(Almost) Never,(Almost) Never,(Almost) Never,(Almost) Always,More than 1 month in advance,Strongly A,Strongly A,Strongly A,,,,,,,,,,,,,,,,,,,,,,,,,,Train A,Train A,Train A,Train A,Train A,,Train A,Train A,Train A,Train A,Train A,,,,,,,,,,,,,,,26 - 35,Male,2000 - 3000 €,"Large City (e.g. Berlin, Munich, Stuttgart)","University (Bachelor, Master, PhD)",Student,,No,,Yes – Deutschlandticket,,,419.63,,37.14,,,14.43,44.12,45.62,19.81,13.97,26.89,,56.26,,,,,,,,,,,,,,,,,,,,,,,,,,,,39.88,10.23,7.71,5.6,4.76,3.74,10.72,6.14,4.49,4.87,5.45,,,,,,,,,,,,,,,,2.74,,6.29,4.23,6.01,6.72,5.54,5.52,5.04,,3.04,,12.67
457,10/20/25 9:49,68,de,1160490510,10/20/25 9:34,10/20/25 9:49,,3,Less often (e.g. every few months),(Almost) Never,Min. 1-2 times per year,Min. 1-2 times per year,Min. 1-2 times per year,(Almost) Never,(Almost) Never,Min. 1-2 times per year,Min. 1-2 times per year,Min. 1-2 times per year,Often,Up to 2-4 weeks in advance,Neutral,Neutral,Rather A,,,,,,,,,,,,,,,,,,,,,,,,,,Train B,Train B,Train B,Train B,Train B,,Train B,Train B,Train B,Train B,Train B,,,,,,,,,,,,,,,36 - 50,Female,3000 - 4000 €,"Large City (e.g. Berlin, Munich, Stuttgart)",Apprenticeship /Vocational Training,Full or Part time worker,,Yes,No,Yes – Deutschlandticket,,,914.88,,33,,,100.76,170.21,50.29,160.45,34.65,66.91,,31.05,,,,,,,,,,,,,,,,,,,,,,,,,,,,27.26,8.1,43.31,11.79,7.32,7.97,70.68,3.99,12.15,12.59,6.63,,,,,,,,,,,,,,,,2.57,,10.31,2.24,4.17,2.5,3.88,3.98,2.44,4.72,14.72,,4.24
458,10/20/25 12:21,68,en,1272602992,10/20/25 12:10,10/20/25 12:21,,3,Min. 1-2 times per week,Min. 1-2 times per week,Min. 1-2 times per year,Min. 1-2 times per week,Min. 1-2 times per week,Min. 1-2 times per year,(Almost) Never,(Almost) Never,(Almost) Never,Min. 1-2 times per year,Often,More than 1 month in advance,Rather A,Rather B,Strongly A,,,,,,,,,,,,,,,,,,,,,,,,,,Train A,Train A,Train A,Train A,Train A,,Train A,Train A,Train A,Train A,Train A,,,,,,,,,,,,,,,26 - 35,Male,Under 1000 €,"Large City (e.g. Berlin, Munich, Stuttgart)","University (Bachelor, Master, PhD)",Student,,No,,Yes – Deutschlandticket,,,689.13,,98.38,,,38.29,46.83,39.77,16.79,14.06,49.09,,77.46,,,,,,,,,,,,,,,,,,,,,,,,,,,,31.81,34.66,15.44,18.3,8.66,6.36,7.5,6.79,5.62,6.92,11.38,,,,,,,,,,,,,,,,5.4,,4.67,5.24,5.68,6.71,4.83,8.16,94.83,,8.08,,11.42
472,10/21/25 9:59,68,en,990539312,10/21/25 9:52,10/21/25 9:59,,3,Less often (e.g. every few months),(Almost) Never,Min. 3-5 times per year,Min. 1-2 times per year,Min. 3-5 times per year,(Almost) Never,(Almost) Never,Min. 1-2 times per year,Min. 1-2 times per year,(Almost) Never,Often,Up to 2-4 weeks in advance,Neutral,Neutral,Rather A,,,,,,,,,,,,,,,,,,,,,,,,,,Train B,Train B,Train B,Train B,Train B,,Train B,Train B,Train A,Train A,Train A,,,,,,,,,,,,,,,51 - 65,Female,3000 - 4000 €,"Small Town (e.g. Freising, Dachau, Memmingen)",Apprenticeship /Vocational Training,Full or Part time worker,,Yes,Yes (private or company car),Yes – Deutschlandticket,,,440.28,,17.37,,,40.46,8.83,35.8,7.56,8.15,31.52,,28.31,,,,,,,,,,,,,,,,,,,,,,,,,,,,18.01,5.2,3.92,4.78,55.88,2.25,13.08,11.47,29.38,14.78,25.51,,,,,,,,,,,,,,,,1.92,,20.59,3.02,7.2,9.3,3.86,16.06,6.32,2.17,4.22,,3.36
473,10/21/25 16:42,68,en,1604982948,10/21/25 16:36,10/21/25 16:42,,2,3+ times per week,3+ times per week,Min. 1-2 times per week,Min. 1-2 times per year,Min. 1-2 times per year,Min. 3-5 times per year,Min. 3-5 times per year,Min. 1-2 times per year,Min. 1-2 times per year,(Almost) Never,In around 50 % of the trips,Up to 2-4 weeks in advance,Rather B,Rather B,Rather A,,,,,,,,,,,,,,Train B,Train B,Train B,Train A,Train B,,Train A,Train B,Train A,Train B,Train A,,,,,,,,,,,,,,,,,,,,,,,,,,,26 - 35,Male,3000 - 4000 €,"Large City (e.g. Berlin, Munich, Stuttgart)","University (Bachelor, Master, PhD)",Full or Part time worker,,Yes,No,Yes – Deutschlandticket,,,346.6,,5.35,,,8.29,17.84,62.1,10.4,6.77,32.35,,28.98,,,,,,,,,,,,,,,19.26,16.41,6.48,17.55,11.33,2.21,14.44,4.56,7.28,11.61,8.78,,,,,,,,,,,,,,,,,,,,,,,,,,,,,2.37,,4.7,3.7,8.81,5.64,4.13,4.65,7.04,2.98,5.09,,5.5
475,10/21/25 23:44,68,en,1022617139,10/21/25 23:23,10/21/25 23:44,,2,Less often (e.g. every few months),Min. 1-2 times per week,Min. 3-5 times per year,Min. 1-2 times per week,Min. 3-5 times per year,Min. 1-2 times per month,(Almost) Never,(Almost) Never,(Almost) Never,Min. 1-2 times per year,Often,On the day of traveling,Strongly A,Rather A,Strongly A,,,,,,,,,,,,,,Train A,Train A,Train A,Train A,Train A,,Train A,Train A,Train A,Train A,Train A,,,,,,,,,,,,,,,,,,,,,,,,,,,26 - 35,Male,Under 1000 €,"Large City (e.g. Berlin, Munich, Stuttgart)","University (Bachelor, Master, PhD)",Student,,No,,Other,Yes-discount ticket for students,,1279.81,,40.44,,,57.66,90.27,89.51,21.83,122.08,178.99,,150.28,,,,,,,,,,,,,,,194.34,8.31,13.12,44.73,23.06,10.82,9.92,3.12,3.35,2.87,3.45,,,,,,,,,,,,,,,,,,,,,,,,,,,,,6.57,,111.11,19.02,4.87,10.37,5.64,4.32,4.61,,22.74,,22.41
476,10/21/25 23:31,68,en,273431092,10/21/25 23:26,10/21/25 23:31,,4,Min. 1-2 times per week,3+ times per week,3+ times per week,Min. 1-2 times per year,Min. 1-2 times per week,(Almost) Never,(Almost) Never,(Almost) Never,Min. 1-2 times per week,(Almost) Never,In around 50 % of the trips,More than 1 month in advance,Rather B,Rather B,Rather A,,,,,,,,,,,,,,,,,,,,,,,,,,,,,,,,,,,,,,Train A,Train B,Train A,Train B,Train A,,Train A,Train B,Train B,Train A,Train B,,,18 - 25,Male,Under 1000 €,"Large City (e.g. Berlin, Munich, Stuttgart)","University (Bachelor, Master, PhD)",Student,,Yes,Yes (private or company car),Yes – Deutschlandticket,,,343.38,,6.49,,,11.73,20.34,30.64,7.72,6.61,28.6,,20.61,,,,,,,,,,,,,,,,,,,,,,,,,,,,,,,,,,,,,,,,,25.97,23.55,10.26,7.4,12.96,3.16,14.4,7.83,9.48,9.68,17.71,,,3.44,,3.69,3.95,6.84,6.28,7.58,7.78,4.1,3.42,6.15,,15.01
492,10/22/25 9:14,68,de,925553157,10/22/25 9:07,10/22/25 9:14,,3,Less often (e.g. every few months),(Almost) Never,Min. 3-5 times per year,Min. 1-2 times per year,Min. 1-2 times per year,Min. 1-2 times per year,Min. 1-2 times per year,Min. 1-2 times per year,(Almost) Never,Min. 1-2 times per year,Often,Up to 2-4 weeks in advance,Neutral,Neutral,Rather A,,,,,,,,,,,,,,,,,,,,,,,,,,Train B,Train B,Train B,Train B,Train B,,Train B,Train B,Train B,Train B,Train A,,,,,,,,,,,,,,,26 - 35,Female,2000 - 3000 €,"Large City (e.g. Berlin, Munich, Stuttgart)",Apprenticeship /Vocational Training,Full or Part time worker,,Yes,No,Yes – Deutschlandticket,,,432.29,,43.93,,,42.42,21.71,29.38,16.07,16,20.24,,36.74,,,,,,,,,,,,,,,,,,,,,,,,,,,,34.14,5.88,8.04,9.24,5.1,4.05,22.07,16.25,11.32,6.25,4.84,,,,,,,,,,,,,,,,3.25,,8.14,2.29,7.33,3.38,9.54,6.85,12.38,13.4,8.38,,3.68
493,10/22/25 9:36,68,de,1420731086,10/22/25 9:29,10/22/25 9:36,,3,I don’t use public transport for intercity trips,,,,,,,,,,Often,,Rather A,Neutral,Rather A,,,,,,,,,,,,,,,,,,,,,,,,,,Train A,Train B,Train B,Train B,Train B,,Train A,Train B,Train A,Train A,Train A,,,,,,,,,,,,,,,18 - 25,Female,1000 - 2000 €,"Large City (e.g. Berlin, Munich, Stuttgart)","University (Bachelor, Master, PhD)",Student,,Yes,No,Yes – Deutschlandticket,,,421.25,,19.08,,,96.24,,,4.37,,30.08,,52.53,,,,,,,,,,,,,,,,,,,,,,,,,,,,60.56,8.95,6.75,6.59,6.49,7.37,8.81,6.16,37.27,12.72,7.46,,,,,,,,,,,,,,,,1.96,,5.04,2.28,7.13,2.61,9.18,7.55,4.14,2.58,2.87,,4.48
500,10/22/25 17:12,68,en,776633117,10/22/25 17:01,10/22/25 17:12,,3,I don’t use public transport for intercity trips,,,,,,,,,,Often,,Rather A,Neutral,Rather B,,,,,,,,,,,,,,,,,,,,,,,,,,Train A,Train B,Train B,Train B,Train B,,Train B,Train B,Train B,Train B,Train A,,,,,,,,,,,,,,,36 - 50,Female,Above 4000 €,"Large City (e.g. Berlin, Munich, Stuttgart)","University (Bachelor, Master, PhD)",Self-employed/ Own Business,,Yes,Yes (private or company car),Yes – Deutschlandticket,,,727.72,,34.24,,,58.65,,,23.41,,100.41,,98.12,,,,,,,,,,,,,,,,,,,,,,,,,,,,51.04,13.67,11.62,20.96,17.79,21.48,5.05,16.56,20.33,30.15,41.88,,,,,,,,,,,,,,,,5.34,,27.39,6.29,22.72,20.07,20.65,20.35,14.21,5.71,9.51,,10.12
501,10/22/25 17:12,68,de,1549435513,10/22/25 17:01,10/22/25 17:12,,2,I don’t use public transport for intercity trips,,,,,,,,,,Often,,Neutral,Neutral,Neutral,,,,,,,,,,,,,,Train B,Train B,Train B,Train B,Train B,,Train A,Train B,Train B,Train B,Train B,,,,,,,,,,,,,,,,,,,,,,,,,,,51 - 65,Female,3000 - 4000 €,"Small Town (e.g. Freising, Dachau, Memmingen)",Apprenticeship /Vocational Training,Full or Part time worker,,Yes,Yes (private or company car),Yes – Deutschlandticket,,,713.17,,15.08,,,57.62,,,23.83,,100.13,,99.63,,,,,,,,,,,,,,,29.14,21.71,13.55,11.05,20.12,9.31,30.53,25.8,16.47,31.4,40.74,,,,,,,,,,,,,,,,,,,,,,,,,,,,,3.9,,28.88,7.5,21.03,12.24,12.85,55.49,11.06,5.88,3.77,,4.46
502,10/22/25 17:27,68,en,1561794935,10/22/25 17:15,10/22/25 17:27,,3,Less often (e.g. every few months),(Almost) Never,Min. 3-5 times per year,(Almost) Never,Min. 3-5 times per year,Min. 1-2 times per year,(Almost) Never,(Almost) Never,(Almost) Never,Min. 1-2 times per year,In around 50 % of the trips,More than 1 month in advance,Neutral,Neutral,Rather A,,,,,,,,,,,,,,,,,,,,,,,,,,Train A,Train B,Train B,Train A,Train B,,Train A,Train B,Train A,Train A,Train A,,,,,,,,,,,,,,,18 - 25,Female,1000 - 2000 €,"Large City (e.g. Berlin, Munich, Stuttgart)","University (Bachelor, Master, PhD)",Student,,No,,Yes – Deutschlandticket,,,725.85,,51.43,,,20.55,45.71,118.3,20.25,16.56,53.55,,51.59,,,,,,,,,,,,,,,,,,,,,,,,,,,,15.18,18.6,11.83,26.75,8.56,5.75,23.73,47.85,58.02,10.58,11.15,,,,,,,,,,,,,,,,10.22,,10.34,6.24,6.55,8.04,16.23,17.68,6.97,,7.66,,19.98
503,10/22/25 17:27,68,de,324057005,10/22/25 17:16,10/22/25 17:27,,3,Less often (e.g. every few months),(Almost) Never,Min. 3-5 times per year,(Almost) Never,Min. 3-5 times per year,Min. 1-2 times per year,Min. 1-2 times per year,(Almost) Never,Min. 1-2 times per year,Min. 1-2 times per year,Often,Up to 2-4 weeks in advance,Rather B,Rather B,Rather B,,,,,,,,,,,,,,,,,,,,,,,,,,Train A,Train B,Train B,Train B,Train B,,Train B,Train B,Train A,Train A,Train A,,,,,,,,,,,,,,,36 - 50,Female,2000 - 3000 €,"Large City (e.g. Berlin, Munich, Stuttgart)",Apprenticeship /Vocational Training,Full or Part time worker,,Yes,Yes (private or company car),Yes – Deutschlandticket,,,693.29,,27,,,20.42,32.72,128.04,21.92,14.18,53.91,,53.17,,,,,,,,,,,,,,,,,,,,,,,,,,,,14.57,21.36,11.33,19.42,12.82,10.14,39.77,39.16,45.72,9.47,11.26,,,,,,,,,,,,,,,,10.24,,12.23,6.58,9.17,3.14,18.62,17.96,6.24,15.44,4.08,,3.21
508,10/23/25 9:56,68,en,961901976,10/23/25 9:45,10/23/25 9:56,,2,Less often (e.g. every few months),Min. 1-2 times per year,Min. 1-2 times per year,Min. 1-2 times per year,Min. 1-2 times per year,Min. 1-2 times per year,(Almost) Never,(Almost) Never,(Almost) Never,Min. 1-2 times per year,Often,Up to 2-4 weeks in advance,Rather A,Neutral,Rather B,,,,,,,,,,,,,,Train B,Train A,Train A,Train A,Train B,,Train A,Train A,Train A,Train B,Train A,,,,,,,,,,,,,,,,,,,,,,,,,,,26 - 35,Female,1000 - 2000 €,"Large City (e.g. Berlin, Munich, Stuttgart)","University (Bachelor, Master, PhD)",Student,,No,,Yes – Deutschlandticket,,,700.68,,34.93,,,16.2,59.15,89.69,22.61,7.57,21.33,,68.36,,,,,,,,,,,,,,,13.28,7.75,33.05,10.88,10.46,3.36,46.32,47.49,19.79,11.43,32.1,,,,,,,,,,,,,,,,,,,,,,,,,,,,,36.32,,11.82,3.72,5.85,3.65,9.03,21.31,7.61,,40.68,,4.94
509,10/23/25 9:57,68,de,1849208859,10/23/25 9:45,10/23/25 9:57,,1,I don’t use public transport for intercity trips,,,,,,,,,,In around 50 % of the trips,,Rather B,Neutral,Rather B,,Train A,Train B,Train A,Train B,Train B,,Train B,Train B,Train A,Train A,Train B,,,,,,,,,,,,,,,,,,,,,,,,,,,,,,,,,,,,,,,36 - 50,Female,3000 - 4000 €,"Large City (e.g. Berlin, Munich, Stuttgart)","University (Bachelor, Master, PhD)",Full or Part time worker,,No,,"Yes – Local or regional seasonal ticket (e.g., IsarCard, 365-Euro-Ticket, or similar)",,,729.87,,71.19,,,4.04,,,6.45,,109.9,,98.67,,84.87,31.06,12.68,10.85,29.62,21.67,21.5,55.09,8.06,20.65,66.08,,,,,,,,,,,,,,,,,,,,,,,,,,,,,,,,,,,,,,,,,,2,,5.42,7.01,7.16,5.2,13.6,5.55,18.29,,6.68,,6.58
510,10/23/25 10:09,68,de,1024002432,10/23/25 9:57,10/23/25 10:09,,3,Less often (e.g. every few months),(Almost) Never,Min. 1-2 times per year,Min. 1-2 times per year,Min. 1-2 times per year,Min. 1-2 times per year,(Almost) Never,(Almost) Never,Min. 1-2 times per year,(Almost) Never,Often,More than 1 month in advance,Rather B,Rather A,Rather B,,,,,,,,,,,,,,,,,,,,,,,,,,Train A,Train A,Train B,Train A,Train A,,Train A,Train B,Train A,Train A,Train A,,,,,,,,,,,,,,,36 - 50,Female,1000 - 2000 €,"Large City (e.g. Berlin, Munich, Stuttgart)",Apprenticeship /Vocational Training,Full or Part time worker,,Yes,No,Yes – Deutschlandticket,,,715.84,,68.53,,,11.52,9.63,28.61,30.14,4.94,31.75,,75.2,,,,,,,,,,,,,,,,,,,,,,,,,,,,17.43,21.03,21.41,72.4,29.95,3.06,68.73,58.99,7.76,5.33,6.82,,,,,,,,,,,,,,,,18.58,,15.41,11.72,13.49,20.7,23.86,8.66,7.2,12.97,4.7,,5.32
511,10/23/25 10:09,68,en,1097385687,10/23/25 9:57,10/23/25 10:09,,1,I don’t use public transport for intercity trips,,,,,,,,,,Often,,Strongly A,Strongly A,Rather B,,Train A,Train A,Train A,Train A,Train A,,Train A,Train A,Train A,Train A,Train A,,,,,,,,,,,,,,,,,,,,,,,,,,,,,,,,,,,,,,,18 - 25,Female,Under 1000 €,"Large City (e.g. Berlin, Munich, Stuttgart)","University (Bachelor, Master, PhD)",Student,,No,,Yes – Deutschlandticket,,,712.22,,108.44,,,13.9,,,6.36,,92.49,,58.55,,13.22,12.84,34.03,6.3,5.46,10.38,61.03,45.54,13.42,22.16,35.06,,,,,,,,,,,,,,,,,,,,,,,,,,,,,,,,,,,,,,,,,,33.61,,23.11,3.46,9.31,9.64,45.01,4.18,9.91,,19.52,,15.29
513,10/23/25 18:04,68,en,277094054,10/23/25 17:57,10/23/25 18:04,,3,Less often (e.g. every few months),(Almost) Never,Min. 1-2 times per year,Min. 1-2 times per year,Min. 1-2 times per year,Min. 1-2 times per year,Min. 1-2 times per year,(Almost) Never,(Almost) Never,Min. 1-2 times per year,Rarely,Up to 2-4 weeks in advance,Rather B,Rather B,Strongly B,,,,,,,,,,,,,,,,,,,,,,,,,,Train A,Train B,Train B,Train B,Train B,,Train A,Train B,Train A,Train A,Train A,,,,,,,,,,,,,,,26 - 35,Female,Under 1000 €,"Small Town (e.g. Freising, Dachau, Memmingen)","University (Bachelor, Master, PhD)",Unemployed,,No,,Yes – Deutschlandticket,,,424.68,,50.38,,,11.81,11.69,37.97,10.83,23.25,58.54,,21.9,,,,,,,,,,,,,,,,,,,,,,,,,,,,19.31,28.71,28.94,9.54,6.63,3.06,21.01,5.12,11.65,5.28,4.25,,,,,,,,,,,,,,,,2.26,,4.61,2.69,6.61,9.62,8.78,8.72,3.96,,2.79,,4.77
514,10/23/25 22:35,68,en,368531967,10/23/25 22:28,10/23/25 22:35,,1,I don’t use public transport for intercity trips,,,,,,,,,,Often,,Rather A,Neutral,Rather B,,Train A,Train B,Train B,Train B,Train B,,Train B,Train A,Train B,Train A,Train B,,,,,,,,,,,,,,,,,,,,,,,,,,,,,,,,,,,,,,,51 - 65,Female,2000 - 3000 €,"Large City (e.g. Berlin, Munich, Stuttgart)",Apprenticeship /Vocational Training,Full or Part time worker,,Yes,No,Yes – Deutschlandticket,,,446.13,,19.75,,,21.66,,,16.5,,28.34,,32.09,,20.89,25.31,28.86,9.09,8.18,3.83,12.51,9.23,18.39,9.32,9.79,,,,,,,,,,,,,,,,,,,,,,,,,,,,,,,,,,,,,,,,,,6.78,,6.36,5.76,19.72,24.37,11.04,16.71,9.28,11.85,9.25,,51.27
515,10/23/25 22:45,68,de,86125217,10/23/25 22:36,10/23/25 22:45,,2,Less often (e.g. every few months),(Almost) Never,Min. 1-2 times per month,Min. 1-2 times per year,Min. 1-2 times per month,Min. 1-2 times per year,Min. 1-2 times per year,(Almost) Never,Min. 3-5 times per year,Min. 1-2 times per year,In around 50 % of the trips,Up to 1 week in advance,Rather B,Rather B,Neutral,,,,,,,,,,,,,,Train B,Train B,Train B,Train B,Train B,,Train A,Train B,Train B,Train B,Train B,,,,,,,,,,,,,,,,,,,,,,,,,,,51 - 65,Female,3000 - 4000 €,"Small Town (e.g. Freising, Dachau, Memmingen)",Apprenticeship /Vocational Training,Full or Part time worker,,Yes,Yes (private or company car),Yes – Deutschlandticket,,,530.26,,74.34,,,48.41,22.89,42.95,5.9,9.97,34.51,,32.08,,,,,,,,,,,,,,,7.39,5.03,4.2,11.51,12.63,6.76,12.1,14.94,68.35,12.57,8.35,,,,,,,,,,,,,,,,,,,,,,,,,,,,,8.59,,11.75,4.13,8.95,6.89,7.09,6.49,10.16,11.68,15.93,,3.72
516,10/24/25 6:10,68,de,1967151073,10/24/25 6:02,10/24/25 6:10,,3,Less often (e.g. every few months),(Almost) Never,Min. 1-2 times per month,Min. 1-2 times per year,Min. 1-2 times per month,(Almost) Never,(Almost) Never,Min. 1-2 times per year,Min. 3-5 times per year,Min. 1-2 times per year,Often,Up to 1 week in advance,Rather B,Rather B,Neutral,,,,,,,,,,,,,,,,,,,,,,,,,,Train A,Train B,Train B,Train B,Train B,,Train B,Train B,Train A,Train B,Train A,,,,,,,,,,,,,,,36 - 50,Female,3000 - 4000 €,"Large City (e.g. Berlin, Munich, Stuttgart)","University (Bachelor, Master, PhD)",Full or Part time worker,,Yes,Yes (private or company car),Yes – Deutschlandticket,,,509.28,,26.92,,,26.49,28.99,73.15,12.03,19.62,45.59,,41.63,,,,,,,,,,,,,,,,,,,,,,,,,,,,17.17,10.8,11.95,19.18,4.5,7.47,20.53,10.14,13.88,11.47,28.42,,,,,,,,,,,,,,,,13.63,,5.54,2.78,19.32,3.66,11.44,4.4,4.35,2.4,2.78,,9.05
517,10/24/25 6:19,68,de,750880972,10/24/25 6:11,10/24/25 6:19,,3,Min. 1-2 times per month,(Almost) Never,Min. 1-2 times per month,Min. 1-2 times per year,Min. 1-2 times per month,Min. 1-2 times per year,(Almost) Never,(Almost) Never,Min. 1-2 times per year,Min. 1-2 times per year,Often,More than 1 month in advance,Neutral,Rather B,Rather A,,,,,,,,,,,,,,,,,,,,,,,,,,Train A,Train B,Train B,Train A,Train B,,Train A,Train B,Train A,Train A,Train A,,,,,,,,,,,,,,,26 - 35,Female,2000 - 3000 €,"Large City (e.g. Berlin, Munich, Stuttgart)",Apprenticeship /Vocational Training,Full or Part time worker,,Yes,Yes (private or company car),Yes – Deutschlandticket,,,515.6,,51.64,,,44.46,10.57,68.92,3.7,14.7,33.76,,71.1,,,,,,,,,,,,,,,,,,,,,,,,,,,,19.61,23.45,12.35,16.2,11.23,8.28,26.3,14.43,14.24,4.73,4.41,,,,,,,,,,,,,,,,9.32,,3.94,2.1,6.78,3.88,3.78,15.21,2.45,5.13,3.93,,5
518,10/24/25 8:45,68,de,1679905124,10/24/25 8:38,10/24/25 8:45,,1,Less often (e.g. every few months),Min. 1-2 times per year,Min. 1-2 times per year,(Almost) Never,Min. 1-2 times per year,Min. 1-2 times per year,Min. 1-2 times per year,(Almost) Never,(Almost) Never,(Almost) Never,Rarely,More than 1 month in advance,Rather A,Rather A,Rather A,,Train A,Train A,Train A,Train B,Train A,,Train A,Train A,Train A,Train A,Train A,,,,,,,,,,,,,,,,,,,,,,,,,,,,,,,,,,,,,,,36 - 50,Female,1000 - 2000 €,"Large City (e.g. Berlin, Munich, Stuttgart)",High School,Full or Part time worker,,No,,Yes – Deutschlandticket,,,436.85,,71.08,,,37.42,19.91,31.73,10.37,5.25,32.7,,64.64,,6.8,7.86,11.5,18.23,4.24,6.99,6.53,4.49,4.12,5.03,11.28,,,,,,,,,,,,,,,,,,,,,,,,,,,,,,,,,,,,,,,,,,8.25,,9.41,2.28,3.83,6.45,29.03,7.8,3.06,,2.41,,4.16
519,10/24/25 8:54,68,de,486560726,10/24/25 8:48,10/24/25 8:54,,1,Less often (e.g. every few months),Min. 1-2 times per year,Min. 3-5 times per year,Min. 1-2 times per year,Min. 3-5 times per year,Min. 1-2 times per year,(Almost) Never,(Almost) Never,(Almost) Never,(Almost) Never,Rarely,More than 1 month in advance,Rather A,Neutral,Rather A,,Train A,Train A,Train A,Train A,Train A,,Train A,Train A,Train A,Train A,Train A,,,,,,,,,,,,,,,,,,,,,,,,,,,,,,,,,,,,,,,36 - 50,Female,1000 - 2000 €,"Large City (e.g. Berlin, Munich, Stuttgart)",High School,Full or Part time worker,,No,,Yes – Deutschlandticket,,,425.33,,46.84,,,39.3,8.19,21.39,6.75,6.12,54.17,,55.81,,8.14,15.37,9.69,4.11,6.26,9.94,14.08,6.47,3.75,6.4,27.69,,,,,,,,,,,,,,,,,,,,,,,,,,,,,,,,,,,,,,,,,,13.91,,10.77,3.17,2.81,12.47,7.89,6.83,6.29,,4.85,,5.87
520,10/24/25 9:07,68,de,1527713981,10/24/25 8:59,10/24/25 9:07,,4,Less often (e.g. every few months),Min. 1-2 times per year,Min. 3-5 times per year,(Almost) Never,Min. 3-5 times per year,Min. 1-2 times per year,(Almost) Never,(Almost) Never,(Almost) Never,(Almost) Never,Rarely,More than 1 month in advance,Strongly A,Strongly A,Strongly B,,,,,,,,,,,,,,,,,,,,,,,,,,,,,,,,,,,,,,Train B,Train B,Train B,Train A,Train A,,Train A,Train A,Train B,Train A,Train A,,,18 - 25,Female,1000 - 2000 €,"Large City (e.g. Berlin, Munich, Stuttgart)",Apprenticeship /Vocational Training,Student,,No,,Yes – Deutschlandticket,,,509.84,,87.68,,,55.29,20.33,27.08,6.1,5.19,19.58,,53.27,,,,,,,,,,,,,,,,,,,,,,,,,,,,,,,,,,,,,,,,,30.49,15.24,23.01,10,12.26,5.61,24.51,10.38,11.57,4.47,31.42,,,9.49,,3.33,2.58,4.66,5.32,5.33,11.69,2.84,,6.34,,4.78
521,10/24/25 9:31,68,de,1863301875,10/24/25 9:17,10/24/25 9:31,,4,Less often (e.g. every few months),Min. 1-2 times per month,Min. 3-5 times per year,Min. 1-2 times per year,Min. 3-5 times per year,Min. 1-2 times per year,(Almost) Never,(Almost) Never,(Almost) Never,(Almost) Never,In around 50 % of the trips,More than 1 month in advance,Rather A,Rather A,Rather A,,,,,,,,,,,,,,,,,,,,,,,,,,,,,,,,,,,,,,Train B,Train B,Train A,Train A,Train A,,Train A,Train A,Train B,Train A,Train A,,,26 - 35,Male,1000 - 2000 €,"Large City (e.g. Berlin, Munich, Stuttgart)","University (Bachelor, Master, PhD)",Full or Part time worker,,No,,Yes – Deutschlandticket,,,890.19,,68.39,,,37.97,41.2,318.13,3.45,8.12,34.76,,31.08,,,,,,,,,,,,,,,,,,,,,,,,,,,,,,,,,,,,,,,,,29.1,11.64,92.7,12.58,6.16,14.41,5.48,5.14,52.93,13.86,52.95,,,8.88,,6.66,3.37,6.63,5.19,3.12,3.78,3.43,,4.1,,4.98
522,10/24/25 9:44,68,de,1664368865,10/24/25 9:35,10/24/25 9:44,,3,Min. 1-2 times per month,(Almost) Never,Min. 1-2 times per month,Min. 3-5 times per year,Min. 3-5 times per year,(Almost) Never,(Almost) Never,Min. 1-2 times per year,Min. 3-5 times per year,Min. 1-2 times per year,In around 50 % of the trips,Up to 2-4 weeks in advance,Strongly B,Strongly B,Rather A,,,,,,,,,,,,,,,,,,,,,,,,,,Train B,Train B,Train B,Train B,Train B,,Train B,Train B,Train B,Train A,Train A,,,,,,,,,,,,,,,26 - 35,Female,3000 - 4000 €,"Large City (e.g. Berlin, Munich, Stuttgart)","University (Bachelor, Master, PhD)",Full or Part time worker,,Yes,Yes (private or company car),Yes – Deutschlandticket,,,537.08,,56.75,,,58.36,21.01,81.41,5.29,11.18,47.26,,42.73,,,,,,,,,,,,,,,,,,,,,,,,,,,,9.18,5.01,4.02,39.45,8.49,17.61,16.19,9.87,9.73,13.1,11.66,,,,,,,,,,,,,,,,12.67,,12.01,1.95,7.66,5.37,3.88,4.49,3.11,2.8,5.87,,8.97
523,10/24/25 14:26,68,de,1249743595,10/24/25 14:17,10/24/25 14:26,,4,I don’t use public transport for intercity trips,,,,,,,,,,Often,,Rather B,Strongly B,Strongly B,,,,,,,,,,,,,,,,,,,,,,,,,,,,,,,,,,,,,,Train B,Train B,Train B,Train B,Train A,,Train A,Train B,Train B,Train A,Train B,,,36 - 50,Female,3000 - 4000 €,"Large City (e.g. Berlin, Munich, Stuttgart)","University (Bachelor, Master, PhD)",Full or Part time worker,,Yes,Yes (private or company car),Yes – Deutschlandticket,,,522.94,,60.94,,,26.07,,,8.68,,35.99,,65.91,,,,,,,,,,,,,,,,,,,,,,,,,,,,,,,,,,,,,,,,,30.84,14.38,7.51,19.53,13.93,29.7,37.36,26.61,17.24,13.46,25.34,,,7.75,,9.63,7.49,12.68,8.92,9.86,7.85,9.79,4.73,4.34,,6.41
524,10/24/25 14:26,68,en,1128430317,10/24/25 14:17,10/24/25 14:26,,2,Less often (e.g. every few months),(Almost) Never,Min. 1-2 times per year,Min. 1-2 times per year,Min. 3-5 times per year,Min. 1-2 times per year,Min. 1-2 times per year,(Almost) Never,(Almost) Never,Min. 1-2 times per year,In around 50 % of the trips,Up to 2-4 weeks in advance,Neutral,Rather A,Neutral,,,,,,,,,,,,,,Train B,Train B,Train A,Train A,Train B,,Train A,Train A,Train A,Train B,Train B,,,,,,,,,,,,,,,,,,,,,,,,,,,36 - 50,Female,3000 - 4000 €,"Large City (e.g. Berlin, Munich, Stuttgart)",Apprenticeship /Vocational Training,Full or Part time worker,,No,,Yes – Deutschlandticket,,,519.71,,54.25,,,31.53,23.77,45.98,6.28,6.42,19.19,,27.72,,,,,,,,,,,,,,,7.11,10.11,22.26,44.63,4.68,7.41,30.26,33.66,13.22,13.14,26.19,,,,,,,,,,,,,,,,,,,,,,,,,,,,,8.25,,6.45,5.04,15.47,8.87,11.12,6.94,8.09,,5.3,,16.37
525,10/24/25 14:39,68,de,771076531,10/24/25 14:27,10/24/25 14:39,,3,I don’t use public transport for intercity trips,,,,,,,,,,Often,,Rather A,Neutral,Rather A,,,,,,,,,,,,,,,,,,,,,,,,,,Train A,Train B,Train B,Train B,Train B,,Train B,Train B,Train B,Train B,Train B,,,,,,,,,,,,,,,Above 65,Male,2000 - 3000 €,"Small Town (e.g. Freising, Dachau, Memmingen)",Apprenticeship /Vocational Training,Retired,,Yes,No,Yes – Deutschlandticket,,,751.19,,48.8,,,5.7,,,10.19,,103.11,,44.41,,,,,,,,,,,,,,,,,,,,,,,,,,,,9.17,25.17,135.51,34.91,10.82,8.5,30.49,14.43,45.81,19.65,17.44,,,,,,,,,,,,,,,,2.73,,3.65,3.4,67.6,4.45,4.69,5.22,3.79,3.69,2.95,,84.91
527,10/24/25 17:05,68,de,1316013579,10/24/25 16:56,10/24/25 17:05,,1,I don’t use public transport for intercity trips,,,,,,,,,,In around 50 % of the trips,,Strongly B,Strongly B,Strongly B,,Train A,Train B,Train B,Train B,Train B,,Train B,Train B,Train B,Train B,Train B,,,,,,,,,,,,,,,,,,,,,,,,,,,,,,,,,,,,,,,51 - 65,Female,Prefer not to answer,"Small Town (e.g. Freising, Dachau, Memmingen)","University (Bachelor, Master, PhD)",Full or Part time worker,,Yes,Yes (private or company car),No,,,512.8,,36.34,,,40.52,,,8.16,,66.33,,37.95,,33.96,4.87,10.44,5.68,59.85,26.78,6.8,32.37,5.05,9.5,41.45,,,,,,,,,,,,,,,,,,,,,,,,,,,,,,,,,,,,,,,,,,6.9,,4.47,4.99,16.39,12.37,7.52,11.29,2.28,2.8,13.09,,4.65
528,10/24/25 17:19,68,en,833658341,10/24/25 17:06,10/24/25 17:19,,1,Min. 1-2 times per month,Min. 1-2 times per month,Min. 3-5 times per year,Min. 1-2 times per month,Min. 3-5 times per year,(Almost) Never,(Almost) Never,(Almost) Never,(Almost) Never,Min. 1-2 times per year,Often,Up to 2-4 weeks in advance,Rather B,Rather B,Rather A,,Train A,Train B,Train B,Train B,Train B,,Train B,Train B,Train B,Train A,Train B,,,,,,,,,,,,,,,,,,,,,,,,,,,,,,,,,,,,,,,26 - 35,Male,3000 - 4000 €,"Large City (e.g. Berlin, Munich, Stuttgart)","University (Bachelor, Master, PhD)",Full or Part time worker,,No,,Yes – Deutschlandticket,,,813.09,,45.47,,,24.37,42.43,116.8,20.03,87.96,29.09,,59.73,,131.11,3.57,75.14,7.27,7.52,4.01,7.69,99.27,4.31,4.44,7.58,,,,,,,,,,,,,,,,,,,,,,,,,,,,,,,,,,,,,,,,,,3.23,,5.08,3.24,4.25,3.1,2.5,3.8,3.31,,2.66,,4.13
532,10/25/25 6:12,68,en,1625307007,10/25/25 6:06,10/25/25 6:12,,1,I don’t use public transport for intercity trips,,,,,,,,,,Often,,Rather B,Rather B,Rather A,,Train A,Train B,Train B,Train B,Train B,,Train B,Train B,Train B,Train A,Train B,,,,,,,,,,,,,,,,,,,,,,,,,,,,,,,,,,,,,,,36 - 50,Female,3000 - 4000 €,"Large City (e.g. Berlin, Munich, Stuttgart)","University (Bachelor, Master, PhD)",Full or Part time worker,,Yes,Yes (private or company car),Yes – Deutschlandticket,,,401.6,,6.06,,,41.79,,,6,,18.68,,51.32,,8.36,12.58,20.87,10.37,12.57,50.87,16.62,12.67,8.42,6.6,10.31,,,,,,,,,,,,,,,,,,,,,,,,,,,,,,,,,,,,,,,,,,12.75,,17.01,2.84,7.25,4.41,12.96,10.22,5.39,4.18,21.59,,8.91
533,10/25/25 6:24,68,de,217513557,10/25/25 6:13,10/25/25 6:24,,4,Less often (e.g. every few months),Min. 1-2 times per year,Min. 1-2 times per year,Min. 1-2 times per year,Min. 1-2 times per year,(Almost) Never,(Almost) Never,(Almost) Never,Min. 1-2 times per year,(Almost) Never,In around 50 % of the trips,Up to 2-4 weeks in advance,Strongly A,Rather A,Rather A,,,,,,,,,,,,,,,,,,,,,,,,,,,,,,,,,,,,,,Train B,Train B,Train A,Train A,Train A,,Train A,Train B,Train B,Train A,Train B,,,36 - 50,Male,3000 - 4000 €,"Large City (e.g. Berlin, Munich, Stuttgart)","University (Bachelor, Master, PhD)",Full or Part time worker,,Yes,Yes (private or company car),"Yes – Local or regional seasonal ticket (e.g., IsarCard, 365-Euro-Ticket, or similar)",,,679.64,,50.41,,,13.32,69.69,50.24,12.11,11.55,78.3,,49.94,,,,,,,,,,,,,,,,,,,,,,,,,,,,,,,,,,,,,,,,,61.71,15.58,25.31,68.6,26.14,7.03,13.37,9.78,17.06,5.65,9.54,,,9.56,,7.5,3.93,3.34,7.62,29.81,4.54,3.35,2.66,8.12,,3.88
534,10/25/25 8:49,68,de,638956480,10/25/25 8:39,10/25/25 8:49,,2,Min. 1-2 times per month,(Almost) Never,Min. 1-2 times per month,Min. 1-2 times per year,Min. 1-2 times per month,Min. 1-2 times per year,(Almost) Never,(Almost) Never,(Almost) Never,Min. 1-2 times per year,Rarely,More than 1 month in advance,Rather A,Rather A,Rather A,,,,,,,,,,,,,,Train B,Train B,Train A,Train A,Train B,,Train A,Train A,Train A,Train B,Train A,,,,,,,,,,,,,,,,,,,,,,,,,,,26 - 35,Female,2000 - 3000 €,"Large City (e.g. Berlin, Munich, Stuttgart)",Apprenticeship /Vocational Training,Full or Part time worker,,Yes,No,Yes – Deutschlandticket,,,591.51,,42.34,,,34.89,72.52,30.95,20.19,20.11,44.75,,48.57,,,,,,,,,,,,,,,27.68,29.16,5.99,25.66,7.3,4.21,24.03,7.75,13.15,49.94,3.71,,,,,,,,,,,,,,,,,,,,,,,,,,,,,8.78,,4.69,3.6,7.49,3.55,3.69,4.35,8.15,2.21,27.75,,4.35
535,10/25/25 9:01,68,de,2085664734,10/25/25 8:51,10/25/25 9:01,,1,I don’t use public transport for intercity trips,,,,,,,,,,Often,,Neutral,Rather B,Neutral,,Train A,Train B,Train A,Train B,Train B,,Train B,Train A,Train A,Train A,Train B,,,,,,,,,,,,,,,,,,,,,,,,,,,,,,,,,,,,,,,36 - 50,Male,2000 - 3000 €,"Large City (e.g. Berlin, Munich, Stuttgart)",Apprenticeship /Vocational Training,Full or Part time worker,,Yes,Yes (private or company car),Yes – Deutschlandticket,,,626.52,,111.56,,,131.89,,,27.49,,89.96,,64.66,,13.99,13.64,18.76,6.09,4.18,5.18,12.92,26.11,5.29,7.56,22.34,,,,,,,,,,,,,,,,,,,,,,,,,,,,,,,,,,,,,,,,,,16.32,,13.91,2.95,3.23,2.96,6.62,3.7,3.36,2.54,4.58,,4.73
536,10/25/25 9:34,68,de,365507348,10/25/25 9:20,10/25/25 9:34,,1,Less often (e.g. every few months),(Almost) Never,Min. 3-5 times per year,Min. 1-2 times per year,Min. 3-5 times per year,Min. 1-2 times per year,(Almost) Never,Min. 1-2 times per year,Min. 3-5 times per year,Min. 1-2 times per year,Often,More than 1 month in advance,Neutral,Neutral,Rather A,,Train A,Train B,Train B,Train B,Train B,,Train A,Train A,Train A,Train A,Train B,,,,,,,,,,,,,,,,,,,,,,,,,,,,,,,,,,,,,,,36 - 50,Female,1000 - 2000 €,"Large City (e.g. Berlin, Munich, Stuttgart)",Apprenticeship /Vocational Training,Full or Part time worker,,Yes,Yes (private or company car),Yes – Deutschlandticket,,,829.95,,23.33,,,26.25,11.88,193.88,15.11,17.41,27.99,,234.18,,20.38,8.44,7.76,8.25,74.76,7.54,7.52,4.91,12.96,4.54,7.68,,,,,,,,,,,,,,,,,,,,,,,,,,,,,,,,,,,,,,,,,,5.68,,29.99,2.24,19.61,4.08,30.5,4.58,3.28,4.65,4.38,,6.19
537,10/25/25 9:41,68,de,747170049,10/25/25 9:34,10/25/25 9:41,,4,Less often (e.g. every few months),Min. 3-5 times per year,Min. 1-2 times per year,Min. 3-5 times per year,(Almost) Never,(Almost) Never,Min. 1-2 times per year,(Almost) Never,Min. 3-5 times per year,Min. 1-2 times per year,Often,Up to 2-4 weeks in advance,Strongly B,Strongly B,Neutral,,,,,,,,,,,,,,,,,,,,,,,,,,,,,,,,,,,,,,Train B,Train B,Train B,Train B,Train B,,Train B,Train B,Train B,Train B,Train B,,,51 - 65,Male,Above 4000 €,"Large City (e.g. Berlin, Munich, Stuttgart)","University (Bachelor, Master, PhD)",Full or Part time worker,,Yes,Yes (private or company car),Yes – Deutschlandticket,,,452.49,,64.24,,,15.84,39.13,44.45,14.42,15.09,25.24,,33.56,,,,,,,,,,,,,,,,,,,,,,,,,,,,,,,,,,,,,,,,,19.2,4.33,6.45,9.1,48.35,3.79,16.57,11.42,4.63,5.09,4.03,,,7.17,,8.28,3.62,4.3,5.01,4.92,3.52,3.44,3.69,11.28,,12.33
538,10/25/25 9:49,68,de,1327098295,10/25/25 9:42,10/25/25 9:49,,4,I don’t use public transport for intercity trips,,,,,,,,,,Often,,Rather B,Rather B,Rather A,,,,,,,,,,,,,,,,,,,,,,,,,,,,,,,,,,,,,,Train B,Train B,Train B,Train B,Train B,,Train A,Train B,Train B,Train B,Train B,,,51 - 65,Female,Above 4000 €,"Small Town (e.g. Freising, Dachau, Memmingen)","University (Bachelor, Master, PhD)",Self-employed/ Own Business,,Yes,Yes (private or company car),"Yes – Local or regional seasonal ticket (e.g., IsarCard, 365-Euro-Ticket, or similar)",,,450.27,,30.72,,,13.62,,,4.29,,24.73,,41.05,,,,,,,,,,,,,,,,,,,,,,,,,,,,,,,,,,,,,,,,,10.94,63.17,33.52,6.64,19.37,7.32,13.94,6.12,55,14.05,6.39,,,7.85,,6.47,12.16,5.49,15.54,11.57,10.74,4.9,3.6,13.8,,7.28
539,10/25/25 10:07,68,de,11187500,10/25/25 9:53,10/25/25 10:07,,4,I don’t use public transport for intercity trips,,,,,,,,,,Often,,Rather B,Rather B,Rather B,,,,,,,,,,,,,,,,,,,,,,,,,,,,,,,,,,,,,,Train B,Train B,Train B,Train B,Train B,,Train A,Train B,Train B,Train A,Train B,,,51 - 65,Male,Above 4000 €,"Large City (e.g. Berlin, Munich, Stuttgart)","University (Bachelor, Master, PhD)",Full or Part time worker,,Yes,Yes (private or company car),Yes – Deutschlandticket,,,818.25,,28.05,,,46.12,,,44.93,,172.2,,131.24,,,,,,,,,,,,,,,,,,,,,,,,,,,,,,,,,,,,,,,,,39.86,36.27,38.37,21.03,20.33,29.04,34.66,7.55,4.2,6.62,3.9,,,26.57,,91.06,3.78,3.27,5.53,4.12,4.49,2.72,3.42,3.67,,5.25
540,10/25/25 11:07,68,de,79841554,10/25/25 10:59,10/25/25 11:07,,1,I don’t use public transport for intercity trips,,,,,,,,,,In around 50 % of the trips,,Neutral,Rather B,Neutral,,Train A,Train B,Train B,Train B,Train B,,Train B,Train A,Train A,Train A,Train B,,,,,,,,,,,,,,,,,,,,,,,,,,,,,,,,,,,,,,,51 - 65,Male,Above 4000 €,"Medium City (e.g. Regensburg, Ingolstadt, Ulm)","University (Bachelor, Master, PhD)",Self-employed/ Own Business,,Yes,Yes (private or company car),"Yes – Local or regional seasonal ticket (e.g., IsarCard, 365-Euro-Ticket, or similar)",,,463.15,,36.22,,,6.04,,,11.01,,93,,56.51,,8.9,5.3,31.03,4.27,10.77,6.04,19.58,35.22,19.22,9.79,16.99,,,,,,,,,,,,,,,,,,,,,,,,,,,,,,,,,,,,,,,,,,8.19,,6.75,2.77,11.22,16.89,11.29,3.75,3.55,7.27,17.51,,4.07
541,10/25/25 13:36,68,en,2136940478,10/25/25 13:32,10/25/25 13:36,,4,I don’t use public transport for intercity trips,,,,,,,,,,In around 50 % of the trips,,Neutral,Neutral,Rather A,,,,,,,,,,,,,,,,,,,,,,,,,,,,,,,,,,,,,,Train B,Train B,Train A,Train A,Train A,,Train A,Train A,Train B,Train A,Train A,,,18 - 25,Female,1000 - 2000 €,"Small Town (e.g. Freising, Dachau, Memmingen)",Apprenticeship /Vocational Training,Student,,No,,Yes – Deutschlandticket,,,292.11,,2.49,,,5.27,,,31.02,,31.74,,39.89,,,,,,,,,,,,,,,,,,,,,,,,,,,,,,,,,,,,,,,,,9.62,5.54,10.49,15.08,8.88,4.86,9.72,16.01,8.09,8.11,12.47,,,6.4,,12.43,3.39,7.07,4.61,3.87,8.05,10.74,,9.09,,7.18
542,10/25/25 22:11,68,en,1793905541,10/25/25 22:01,10/25/25 22:11,,2,I don’t use public transport for intercity trips,,,,,,,,,,Often,,Rather A,Neutral,Rather A,,,,,,,,,,,,,,Train B,Train B,Train A,Train A,Train B,,Train A,Train A,Train A,Train B,Train B,,,,,,,,,,,,,,,,,,,,,,,,,,,36 - 50,Male,Above 4000 €,"Large City (e.g. Berlin, Munich, Stuttgart)","University (Bachelor, Master, PhD)",Full or Part time worker,,Yes,Yes (private or company car),No,,,624.87,,148.21,,,20.39,,,6.18,,55.28,,32.67,,,,,,,,,,,,,,,7.55,16.28,57.31,17.96,32.76,7.49,17.92,33.87,8.32,13.57,16.16,,,,,,,,,,,,,,,,,,,,,,,,,,,,,24.88,,5.99,3.99,50.01,10.83,4.78,6.34,3.46,3.82,14.13,,4.72
543,10/25/25 22:23,68,de,373456543,10/25/25 22:15,10/25/25 22:23,,1,I don’t use public transport for intercity trips,,,,,,,,,,In around 50 % of the trips,,Rather B,Rather B,Neutral,,Train A,Train B,Train A,Train B,Train B,,Train B,Train B,Train A,Train A,Train B,,,,,,,,,,,,,,,,,,,,,,,,,,,,,,,,,,,,,,,36 - 50,Male,Above 4000 €,"Large City (e.g. Berlin, Munich, Stuttgart)","University (Bachelor, Master, PhD)",Full or Part time worker,,Yes,Yes (private or company car),"Yes – Local or regional seasonal ticket (e.g., IsarCard, 365-Euro-Ticket, or similar)",,,454.42,,77.34,,,6.3,,,4.73,,71.47,,25.94,,32.2,5.43,31.74,26.07,6.8,11.34,14.12,9.39,31.48,11.42,6.99,,,,,,,,,,,,,,,,,,,,,,,,,,,,,,,,,,,,,,,,,,15.36,,5.38,3.86,4.32,5.29,9.27,13.21,6.66,6.79,5.99,,5.53
544,10/26/25 7:33,68,de,1255692952,10/26/25 7:24,10/26/25 7:33,,3,I don’t use public transport for intercity trips,,,,,,,,,,Often,,Rather B,Strongly B,Neutral,,,,,,,,,,,,,,,,,,,,,,,,,,Train A,Train B,Train B,Train B,Train B,,Train B,Train B,Train A,Train A,Train A,,,,,,,,,,,,,,,51 - 65,Female,Above 4000 €,"Large City (e.g. Berlin, Munich, Stuttgart)","University (Bachelor, Master, PhD)",Full or Part time worker,,Yes,Yes (private or company car),No,,,581.08,,72.43,,,10.16,,,7.61,,29.13,,54.28,,,,,,,,,,,,,,,,,,,,,,,,,,,,32.92,9.86,17.45,11.73,21.77,10.29,36.13,5.11,22.11,11.53,29.49,,,,,,,,,,,,,,,,4.52,,15.19,60.26,12.32,37.02,8.38,5.86,5.43,6.15,12.15,,31.8
545,10/26/25 7:41,68,en,1824514630,10/26/25 7:33,10/26/25 7:41,,3,3+ times per week,3+ times per week,Min. 1-2 times per week,(Almost) Never,(Almost) Never,Min. 1-2 times per year,(Almost) Never,(Almost) Never,Min. 1-2 times per year,Min. 1-2 times per year,Often,On the day of traveling,Rather B,Rather B,Strongly A,,,,,,,,,,,,,,,,,,,,,,,,,,Train B,Train B,Train B,Train A,Train B,,Train A,Train B,Train A,Train A,Train A,,,,,,,,,,,,,,,36 - 50,Female,Prefer not to answer,"Large City (e.g. Berlin, Munich, Stuttgart)",Prefer not to answer,Full or Part time worker,,Yes,No,Yes – Deutschlandticket,,cheeper Tickets Deutschland Ticket ist to expensiv please Lower the prices,541.93,,19.76,,,14.36,33.23,32.67,17.15,13.16,45.64,,47.42,,,,,,,,,,,,,,,,,,,,,,,,,,,,19.54,28.74,15.49,9.19,7.49,2.69,10.07,6.17,14.68,8.13,7.03,,,,,,,,,,,,,,,,2.03,,6.54,3.83,8.82,7.36,10.41,9.02,5.09,4.26,3.4,,128.56
546,10/26/25 7:46,68,en,154208486,10/26/25 7:33,10/26/25 7:46,,4,Less often (e.g. every few months),Min. 1-2 times per year,Min. 3-5 times per year,Min. 1-2 times per year,Min. 3-5 times per year,Min. 1-2 times per year,(Almost) Never,(Almost) Never,Min. 1-2 times per year,(Almost) Never,Often,Up to 1 week in advance,Rather B,Strongly B,Rather B,,,,,,,,,,,,,,,,,,,,,,,,,,,,,,,,,,,,,,Train B,Train B,Train A,Train A,Train A,,Train A,Train B,Train B,Train A,Train B,,,51 - 65,Male,Above 4000 €,"Medium City (e.g. Regensburg, Ingolstadt, Ulm)","University (Bachelor, Master, PhD)",Full or Part time worker,,Yes,Yes (private or company car),No,,,811,,90.89,,,14.57,20.63,102.96,8.34,19.64,60.35,,28.5,,,,,,,,,,,,,,,,,,,,,,,,,,,,,,,,,,,,,,,,,14.59,7.07,19.64,29.84,8.01,11.19,81.69,25.89,12.58,23.73,6.82,,,101.62,,11.39,4.55,5.26,10.48,21.09,13.56,3.75,16.11,30.6,,5.66
547,10/26/25 8:01,68,en,1885384003,10/26/25 7:49,10/26/25 8:01,,1,I don’t use public transport for intercity trips,,,,,,,,,,Often,,Neutral,Rather B,Neutral,,Train A,Train B,Train B,Train B,Train B,,Train B,Train B,Train B,Train A,Train B,,,,,,,,,,,,,,,,,,,,,,,,,,,,,,,,,,,,,,,26 - 35,Male,3000 - 4000 €,"Medium City (e.g. Regensburg, Ingolstadt, Ulm)","University (Bachelor, Master, PhD)",Full or Part time worker,,Yes,Yes (private or company car),Yes – Deutschlandticket,,,742.26,,87.55,,,14.9,,,16.94,,65.32,,88.79,,40.3,6.67,44.97,35.35,56.91,6.06,7.64,31.39,17.93,52,9.23,,,,,,,,,,,,,,,,,,,,,,,,,,,,,,,,,,,,,,,,,,19.83,,29.4,16.14,27.16,11.34,7.19,5.14,2.96,5.47,30.49,,5.19
548,10/26/25 8:16,68,en,1320056766,10/26/25 8:03,10/26/25 8:16,,4,Min. 1-2 times per week,(Almost) Never,Min. 1-2 times per week,(Almost) Never,Min. 1-2 times per week,Min. 1-2 times per year,(Almost) Never,(Almost) Never,Min. 1-2 times per year,(Almost) Never,Rarely,More than 1 month in advance,Rather A,Rather A,Rather A,,,,,,,,,,,,,,,,,,,,,,,,,,,,,,,,,,,,,,Train B,Train B,Train A,Train A,Train A,,Train A,Train A,Train A,Train A,Train A,,,36 - 50,Female,2000 - 3000 €,"Medium City (e.g. Regensburg, Ingolstadt, Ulm)",High School,Prefer not to answer,,No,,Yes – Deutschlandticket,,,871.41,,109.94,,,97.84,21.39,30.04,64.06,53.31,29.14,,69.13,,,,,,,,,,,,,,,,,,,,,,,,,,,,,,,,,,,,,,,,,41.06,23.76,23.65,33.41,8.82,8.44,6,10.71,7.89,9.66,8.57,,,9.93,,35.52,10.94,10.22,13.29,26.75,17.61,15,,9.81,,65.52
549,10/26/25 19:25,68,de,591906744,10/26/25 19:16,10/26/25 19:25,,3,Less often (e.g. every few months),Min. 1-2 times per year,Min. 3-5 times per year,Min. 1-2 times per year,Min. 3-5 times per year,Min. 1-2 times per year,Min. 1-2 times per year,(Almost) Never,Min. 3-5 times per year,Min. 1-2 times per year,Often,Up to 1 week in advance,Strongly B,Strongly B,Neutral,,,,,,,,,,,,,,,,,,,,,,,,,,Train A,Train B,Train B,Train B,Train B,,Train B,Train B,Train B,Train B,Train B,,,,,,,,,,,,,,,26 - 35,Female,Above 4000 €,"Medium City (e.g. Regensburg, Ingolstadt, Ulm)","University (Bachelor, Master, PhD)",Full or Part time worker,,Yes,Yes (private or company car),Yes – Deutschlandticket,,,560.68,,21.55,,,24.11,22.28,46.77,13.78,15.94,47.72,,48.61,,,,,,,,,,,,,,,,,,,,,,,,,,,,9.39,13.72,14.61,14.88,32.08,6.42,12.68,11.22,18.23,19.34,12.73,,,,,,,,,,,,,,,,12.84,,70.14,5.01,9.71,12.18,10.55,11.69,5.29,4.97,5.52,,6.72
550,10/26/25 19:25,68,en,1359435098,10/26/25 19:16,10/26/25 19:25,,3,Min. 1-2 times per week,(Almost) Never,Min. 1-2 times per week,(Almost) Never,Min. 1-2 times per week,(Almost) Never,(Almost) Never,(Almost) Never,(Almost) Never,(Almost) Never,Rarely,More than 1 month in advance,Strongly A,Strongly A,Rather A,,,,,,,,,,,,,,,,,,,,,,,,,,Train A,Train A,Train A,Train A,Train A,,Train A,Train A,Train A,Train A,Train A,,,,,,,,,,,,,,,26 - 35,Male,Under 1000 €,"Small Town (e.g. Freising, Dachau, Memmingen)","University (Bachelor, Master, PhD)",Student,,No,,Yes – Deutschlandticket,,,560.91,,23.73,,,17.16,16.79,58.58,10.51,18.6,54.14,,36.77,,,,,,,,,,,,,,,,,,,,,,,,,,,,13.06,17.63,14.58,12.02,33.48,4.92,15.29,9.52,23.1,12.41,14.49,,,,,,,,,,,,,,,,12.6,,70.43,4.99,9.33,11.95,9.18,11.98,5.36,,5.71,,12.6
551,10/26/25 19:49,68,en,1318895348,10/26/25 19:35,10/26/25 19:49,,3,Min. 1-2 times per month,Min. 1-2 times per year,Min. 1-2 times per month,Min. 1-2 times per year,Min. 1-2 times per month,Min. 1-2 times per year,(Almost) Never,(Almost) Never,(Almost) Never,(Almost) Never,In around 50 % of the trips,More than 1 month in advance,Rather A,Neutral,Rather A,,,,,,,,,,,,,,,,,,,,,,,,,,Train A,Train A,Train B,Train A,Train A,,Train A,Train A,Train A,Train A,Train A,,,,,,,,,,,,,,,26 - 35,Male,1000 - 2000 €,"Medium City (e.g. Regensburg, Ingolstadt, Ulm)","University (Bachelor, Master, PhD)",Full or Part time worker,,No,,Yes – Deutschlandticket,,,895.44,,46.35,,,8.76,36.73,82.01,5.92,79.3,88.7,,78.09,,,,,,,,,,,,,,,,,,,,,,,,,,,,38.65,158.92,30.18,13.59,14.01,36.41,8.04,14.59,42.57,53.16,5.56,,,,,,,,,,,,,,,,3.84,,9.34,6.13,3.26,4.48,3.77,4.81,8.31,,4.34,,5.62
552,10/26/25 20:04,68,en,229752152,10/26/25 19:54,10/26/25 20:04,,2,Less often (e.g. every few months),(Almost) Never,Min. 3-5 times per year,(Almost) Never,Min. 3-5 times per year,(Almost) Never,(Almost) Never,(Almost) Never,(Almost) Never,(Almost) Never,In around 50 % of the trips,More than 1 month in advance,Rather A,Neutral,Rather B,,,,,,,,,,,,,,Train B,Train B,Train A,Train A,Train B,,Train A,Train A,Train A,Train A,Train A,,,,,,,,,,,,,,,,,,,,,,,,,,,18 - 25,Male,1000 - 2000 €,"Medium City (e.g. Regensburg, Ingolstadt, Ulm)","University (Bachelor, Master, PhD)",Student,,No,,Yes – Deutschlandticket,,,600.38,,41.19,,,31.21,7.91,66.03,11.72,6.38,60.04,,25.18,,,,,,,,,,,,,,,34.43,5.84,35.42,21.62,9.42,8.17,48.54,6.47,9.03,4.14,10.81,,,,,,,,,,,,,,,,,,,,,,,,,,,,,18.83,,32.73,8.4,16.92,27.26,8.21,11.92,15.81,,8.54,,8.21
553,10/26/25 20:12,68,de,366069434,10/26/25 20:04,10/26/25 20:12,,4,I don’t use public transport for intercity trips,,,,,,,,,,Often,,Neutral,Rather B,Rather A,,,,,,,,,,,,,,,,,,,,,,,,,,,,,,,,,,,,,,Train B,Train B,Train B,Train B,Train A,,Train A,Train A,Train B,Train A,Train A,,,36 - 50,Male,2000 - 3000 €,"Small Town (e.g. Freising, Dachau, Memmingen)",Apprenticeship /Vocational Training,Full or Part time worker,,Yes,Yes (private or company car),No,,,521.97,,74.95,,,12.85,,,5.21,,47.22,,30.73,,,,,,,,,,,,,,,,,,,,,,,,,,,,,,,,,,,,,,,,,40.92,18.52,110.65,13.68,8.78,6.93,6.2,49.97,17.43,4.8,9.69,,,8.74,,8.45,3.57,7.03,6.13,5.03,5.11,2.93,4.12,6.08,,6.25
554,10/26/25 21:17,68,de,2027947243,10/26/25 21:06,10/26/25 21:17,,3,Less often (e.g. every few months),(Almost) Never,Min. 3-5 times per year,Min. 1-2 times per year,Min. 3-5 times per year,Min. 1-2 times per year,(Almost) Never,(Almost) Never,(Almost) Never,Min. 1-2 times per year,Often,More than 1 month in advance,Rather A,Neutral,Rather A,,,,,,,,,,,,,,,,,,,,,,,,,,Train A,Train B,Train B,Train B,Train B,,Train A,Train B,Train B,Train A,Train A,,,,,,,,,,,,,,,26 - 35,Male,2000 - 3000 €,"Small Town (e.g. Freising, Dachau, Memmingen)",Apprenticeship /Vocational Training,Full or Part time worker,,Yes,Yes (private or company car),No,,,636.86,,77.57,,,12.11,26.79,54.01,9.74,20.29,52.76,,46.46,,,,,,,,,,,,,,,,,,,,,,,,,,,,16.32,19.61,12.28,10.84,35.65,15.17,16.83,11.06,23.03,7.3,41.9,,,,,,,,,,,,,,,,14.58,,18.89,20.57,15.84,8.11,19.39,7.92,4.7,3.3,7.6,,6.24
555,10/26/25 21:17,68,en,1338195995,10/26/25 21:06,10/26/25 21:17,,4,Min. 1-2 times per week,(Almost) Never,Min. 1-2 times per week,(Almost) Never,Min. 1-2 times per week,(Almost) Never,(Almost) Never,(Almost) Never,(Almost) Never,Min. 1-2 times per year,In around 50 % of the trips,More than 1 month in advance,Rather B,Rather B,Neutral,,,,,,,,,,,,,,,,,,,,,,,,,,,,,,,,,,,,,,Train B,Train B,Train A,Train A,Train A,,Train A,Train B,Train B,Train B,Train B,,,18 - 25,Female,1000 - 2000 €,"Medium City (e.g. Regensburg, Ingolstadt, Ulm)","University (Bachelor, Master, PhD)",Student,,No,,Yes – Deutschlandticket,,,645.72,,57.75,,,26.87,22.88,67.27,7.75,22.31,53.16,,45.01,,,,,,,,,,,,,,,,,,,,,,,,,,,,,,,,,,,,,,,,,12.4,19.85,16.45,16.98,38.47,8.5,17.84,19.76,36.86,14.68,7.7,,,17.8,,15.68,7.31,27.35,16.59,14.1,8.89,5.76,,5.18,,14.57
556,10/26/25 21:29,68,de,768395767,10/26/25 21:18,10/26/25 21:29,,3,Less often (e.g. every few months),(Almost) Never,Min. 3-5 times per year,(Almost) Never,Min. 3-5 times per year,(Almost) Never,(Almost) Never,(Almost) Never,(Almost) Never,(Almost) Never,In around 50 % of the trips,More than 1 month in advance,Neutral,Neutral,Rather B,,,,,,,,,,,,,,,,,,,,,,,,,,Train A,Train A,Train A,Train A,Train A,,Train A,Train A,Train A,Train A,Train A,,,,,,,,,,,,,,,26 - 35,Male,Under 1000 €,"Medium City (e.g. Regensburg, Ingolstadt, Ulm)","University (Bachelor, Master, PhD)",Student,,No,,Yes – Deutschlandticket,,,682.89,,49.98,,,8.56,30.18,39.1,9.74,12.73,41.47,,52.6,,,,,,,,,,,,,,,,,,,,,,,,,,,,46.54,10.42,19.48,12.18,20.85,26.37,18.64,35.35,48.18,44.32,35.35,,,,,,,,,,,,,,,,5.22,,52.52,12.77,11.32,8.51,4.7,8.74,4.91,,5.74,,6.42
557,10/26/25 21:29,68,en,973179099,10/26/25 21:18,10/26/25 21:29,,3,Less often (e.g. every few months),(Almost) Never,Min. 1-2 times per year,Min. 1-2 times per year,Min. 1-2 times per year,(Almost) Never,(Almost) Never,(Almost) Never,(Almost) Never,Min. 1-2 times per year,Rarely,More than 1 month in advance,Neutral,Rather B,Rather A,,,,,,,,,,,,,,,,,,,,,,,,,,Train A,Train B,Train B,Train B,Train B,,Train B,Train B,Train A,Train A,Train A,,,,,,,,,,,,,,,26 - 35,Male,1000 - 2000 €,"Large City (e.g. Berlin, Munich, Stuttgart)","University (Bachelor, Master, PhD)",Full or Part time worker,,No,,Yes – Deutschlandticket,,,697.6,,63.13,,,8.44,26.44,44.81,12.75,8.65,41.65,,55.57,,,,,,,,,,,,,,,,,,,,,,,,,,,,43.59,8.42,21.44,11.15,21.63,23.54,24.61,41.25,56.12,26.08,44.09,,,,,,,,,,,,,,,,16.19,,36.87,12.81,12.02,7.65,5.14,7.57,5.36,,4.39,,6.24
558,10/26/25 21:37,68,en,17246462,10/26/25 21:32,10/26/25 21:37,,3,Less often (e.g. every few months),(Almost) Never,Min. 3-5 times per year,(Almost) Never,Min. 3-5 times per year,Min. 1-2 times per year,(Almost) Never,(Almost) Never,(Almost) Never,(Almost) Never,Often,More than 1 month in advance,Strongly A,Neutral,Rather A,,,,,,,,,,,,,,,,,,,,,,,,,,Train A,Train B,Train B,Train A,Train B,,Train A,Train B,Train A,Train B,Train A,,,,,,,,,,,,,,,26 - 35,Female,Under 1000 €,"Small Town (e.g. Freising, Dachau, Memmingen)","University (Bachelor, Master, PhD)",Student,,No,,Yes – Deutschlandticket,,,356.38,,14.25,,,8.3,12.69,22.64,9.45,5.1,53.89,,13.01,,,,,,,,,,,,,,,,,,,,,,,,,,,,15.96,11.17,5.68,4.96,4.14,3.67,11.74,8.01,4.09,25.79,4.55,,,,,,,,,,,,,,,,2.12,,50.01,7.4,22.01,6.96,2.64,15.64,3.11,,2.48,,4.92
560,10/26/25 21:45,68,en,1631893385,10/26/25 21:39,10/26/25 21:45,,2,Less often (e.g. every few months),(Almost) Never,Min. 3-5 times per year,(Almost) Never,Min. 3-5 times per year,Min. 1-2 times per year,(Almost) Never,(Almost) Never,(Almost) Never,Min. 1-2 times per year,Often,More than 1 month in advance,Rather A,Neutral,Rather A,,,,,,,,,,,,,,Train B,Train A,Train B,Train A,Train B,,Train A,Train B,Train A,Train B,Train A,,,,,,,,,,,,,,,,,,,,,,,,,,,26 - 35,Male,Under 1000 €,"Large City (e.g. Berlin, Munich, Stuttgart)","University (Bachelor, Master, PhD)",Student,,No,,Yes – Deutschlandticket,,,376.24,,20.89,,,36.19,10.37,36.48,12.44,9.14,40,,37.96,,,,,,,,,,,,,,,6.02,12.67,9.98,6.55,12.99,6.47,10.3,13.01,9.15,9.99,11.1,,,,,,,,,,,,,,,,,,,,,,,,,,,,,2.3,,6.05,5.15,6.34,11.16,7.04,9.54,7.31,,6.31,,3.34
561,10/26/25 21:45,68,en,54628038,10/26/25 21:39,10/26/25 21:45,,4,Less often (e.g. every few months),(Almost) Never,Min. 3-5 times per year,(Almost) Never,Min. 3-5 times per year,(Almost) Never,(Almost) Never,(Almost) Never,(Almost) Never,(Almost) Never,Often,More than 1 month in advance,Rather A,Neutral,Rather A,,,,,,,,,,,,,,,,,,,,,,,,,,,,,,,,,,,,,,Train A,Train B,Train A,Train B,Train A,,Train A,Train B,Train B,Train A,Train B,,,26 - 35,Male,1000 - 2000 €,"Large City (e.g. Berlin, Munich, Stuttgart)","University (Bachelor, Master, PhD)",Student,,No,,Yes – Deutschlandticket,,,381.42,,23.47,,,36.39,9.2,30.87,16.88,11.85,36.53,,39.44,,,,,,,,,,,,,,,,,,,,,,,,,,,,,,,,,,,,,,,,,8.69,13.55,9.45,6.68,10.64,7.44,10.61,15.31,9.21,8.08,10.05,,,6.23,,5.86,5.51,6.81,11.27,5.23,11.31,3.98,,5.55,,5.33
563,10/26/25 22:53,68,en,187253505,10/26/25 22:44,10/26/25 22:53,,2,Min. 1-2 times per week,(Almost) Never,Min. 1-2 times per week,(Almost) Never,(Almost) Never,(Almost) Never,(Almost) Never,(Almost) Never,Min. 1-2 times per week,(Almost) Never,Often,Up to 2-4 weeks in advance,Rather B,Rather B,Neutral,,,,,,,,,,,,,,Train B,Train B,Train B,Train B,Train B,,Train A,Train B,Train B,Train B,Train B,,,,,,,,,,,,,,,,,,,,,,,,,,,18 - 25,Female,1000 - 2000 €,"Small Town (e.g. Freising, Dachau, Memmingen)","University (Bachelor, Master, PhD)",Student,,Yes,Yes (private or company car),"Yes – Local or regional seasonal ticket (e.g., IsarCard, 365-Euro-Ticket, or similar)",,,557.24,,36.32,,,37.87,7.06,15.47,5.8,15.55,39.26,,72.55,,,,,,,,,,,,,,,16.16,50.87,4.65,29.04,13.07,15.17,28.77,7.84,20.39,14.59,28.67,,,,,,,,,,,,,,,,,,,,,,,,,,,,,8.48,,3.9,6.37,10.51,30.44,6.07,5.76,4.96,4.34,6.55,,10.76
564,10/26/25 22:53,68,de,57098937,10/26/25 22:46,10/26/25 22:53,,3,Min. 1-2 times per month,(Almost) Never,Min. 1-2 times per month,Min. 1-2 times per month,Min. 1-2 times per month,(Almost) Never,Min. 3-5 times per year,(Almost) Never,(Almost) Never,(Almost) Never,In around 50 % of the trips,Up to 1 week in advance,Rather B,Rather B,Rather A,,,,,,,,,,,,,,,,,,,,,,,,,,Train B,Train B,Train B,Train B,Train B,,Train A,Train B,Train A,Train B,Train A,,,,,,,,,,,,,,,18 - 25,Female,2000 - 3000 €,"Medium City (e.g. Regensburg, Ingolstadt, Ulm)","University (Bachelor, Master, PhD)",Student,,No,,Yes – Deutschlandticket,,,417.65,,24.27,,,8.09,6.67,55.79,9.08,16.77,14.93,,35.63,,,,,,,,,,,,,,,,,,,,,,,,,,,,13.27,3.72,26.19,17.23,7.42,6.67,9.06,8.35,20.37,14.43,18.03,,,,,,,,,,,,,,,,12.63,,6.06,7.56,14.65,26.62,8.07,4.97,6.3,,3.51,,11.31
565,10/27/25 0:32,68,de,1563154670,10/27/25 0:27,10/27/25 0:32,,1,Less often (e.g. every few months),(Almost) Never,Min. 3-5 times per year,Min. 1-2 times per year,Min. 3-5 times per year,(Almost) Never,(Almost) Never,(Almost) Never,(Almost) Never,Min. 1-2 times per year,Often,More than 1 month in advance,Rather B,Strongly B,Rather B,,Train A,Train B,Train B,Train B,Train B,,Train B,Train B,Train A,Train A,Train B,,,,,,,,,,,,,,,,,,,,,,,,,,,,,,,,,,,,,,,36 - 50,Other,2000 - 3000 €,"Small Town (e.g. Freising, Dachau, Memmingen)",Apprenticeship /Vocational Training,Full or Part time worker,,No,,Yes – Deutschlandticket,,,361.47,,29.46,,,14.59,9.44,22.57,10.68,5.72,54.45,,38.93,,7.81,5.4,12.95,3.62,4.93,12.14,6.67,8.37,19.05,8.09,6.8,,,,,,,,,,,,,,,,,,,,,,,,,,,,,,,,,,,,,,,,,,15.88,,19.26,4.66,5.31,5.42,6.57,4.42,11.11,,3.03,,4.14
567,10/27/25 6:22,68,de,1211445973,10/27/25 6:15,10/27/25 6:22,,2,I don’t use public transport for intercity trips,,,,,,,,,,Often,,Rather B,Rather B,Neutral,,,,,,,,,,,,,,Train B,Train B,Train B,Train B,Train B,,Train A,Train B,Train A,Train B,Train B,,,,,,,,,,,,,,,,,,,,,,,,,,,51 - 65,Male,Above 4000 €,"Large City (e.g. Berlin, Munich, Stuttgart)","University (Bachelor, Master, PhD)",Full or Part time worker,,Yes,Yes (private or company car),Yes – Deutschlandticket,,,459.59,,86.82,,,21.98,,,6.3,,16.94,,32.47,,,,,,,,,,,,,,,7.42,13.08,6.54,24.99,12.29,18.18,5.93,4.61,29.62,39.09,23.98,,,,,,,,,,,,,,,,,,,,,,,,,,,,,8.51,,6.63,4.37,3.74,8.16,5.58,9.25,2.74,3.51,20.57,,36.29
568,10/27/25 7:54,68,de,1698833423,10/27/25 7:44,10/27/25 7:54,,4,Less often (e.g. every few months),Min. 1-2 times per year,Min. 1-2 times per year,(Almost) Never,Min. 1-2 times per year,Min. 1-2 times per year,(Almost) Never,(Almost) Never,(Almost) Never,(Almost) Never,Often,More than 1 month in advance,Strongly A,Neutral,Rather A,,,,,,,,,,,,,,,,,,,,,,,,,,,,,,,,,,,,,,Train A,Train B,Train A,Train A,Train A,,Train A,Train A,Train B,Train A,Train B,,,26 - 35,Male,2000 - 3000 €,"Small Town (e.g. Freising, Dachau, Memmingen)",Apprenticeship /Vocational Training,Full or Part time worker,,No,,Yes – Deutschlandticket,,,526.44,,32.19,,,53.2,38.42,26.06,13.02,22.24,23.33,,46.74,,,,,,,,,,,,,,,,,,,,,,,,,,,,,,,,,,,,,,,,,20.52,6.55,15.45,34.66,13.51,7.55,8.7,8.49,8.81,5.94,8.46,,,9.92,,20.49,3.7,7.4,4.79,10.91,49.75,7.04,,11.79,,6.81
570,10/27/25 8:38,68,de,2137345276,10/27/25 8:25,10/27/25 8:38,,3,Less often (e.g. every few months),(Almost) Never,Min. 1-2 times per week,Min. 1-2 times per year,Min. 1-2 times per year,(Almost) Never,Min. 1-2 times per year,(Almost) Never,(Almost) Never,(Almost) Never,Often,More than 1 month in advance,Neutral,Neutral,Rather A,,,,,,,,,,,,,,,,,,,,,,,,,,Train A,Train B,Train B,Train A,Train B,,Train A,Train B,Train A,Train B,Train A,,,,,,,,,,,,,,,18 - 25,Female,Under 1000 €,"Small Town (e.g. Freising, Dachau, Memmingen)","University (Bachelor, Master, PhD)",Student,,No,,Yes – Deutschlandticket,,,793.43,,55,,,28.96,40.38,89.83,137.07,25.61,53.63,,68.9,,,,,,,,,,,,,,,,,,,,,,,,,,,,9.03,5.65,18.63,13.48,12.34,7.34,39.53,22.82,14.45,12.27,9.97,,,,,,,,,,,,,,,,71.75,,5.18,15.4,5.52,6.37,9,3.76,3.17,,2.53,,5.86
571,10/27/25 9:30,68,de,1732970083,10/27/25 9:22,10/27/25 9:30,,1,Min. 1-2 times per month,(Almost) Never,Min. 1-2 times per month,Min. 1-2 times per year,Min. 1-2 times per month,Min. 1-2 times per year,Min. 1-2 times per year,(Almost) Never,(Almost) Never,(Almost) Never,Often,More than 1 month in advance,Rather A,Neutral,Rather A,,Train A,Train B,Train B,Train B,Train B,,Train B,Train B,Train B,Train A,Train B,,,,,,,,,,,,,,,,,,,,,,,,,,,,,,,,,,,,,,,36 - 50,Female,2000 - 3000 €,"Small Town (e.g. Freising, Dachau, Memmingen)",Apprenticeship /Vocational Training,Full or Part time worker,,Yes,No,Yes – Deutschlandticket,,,461.74,,86.64,,,12.73,27.22,51.65,7.53,6.51,21.68,,96.5,,4.41,7.25,10.95,10.06,6.17,5.84,4.97,7.25,3.43,4.79,12.95,,,,,,,,,,,,,,,,,,,,,,,,,,,,,,,,,,,,,,,,,,19.03,,10.44,7.22,5.32,5.09,3.36,4.38,5.69,3.72,4.18,,4.78
572,10/27/25 9:58,68,de,1865028585,10/27/25 9:47,10/27/25 9:58,,1,3+ times per week,(Almost) Never,3+ times per week,Min. 1-2 times per year,Min. 1-2 times per week,(Almost) Never,Min. 1-2 times per year,(Almost) Never,Min. 1-2 times per week,Min. 1-2 times per year,In around 50 % of the trips,Up to 3 days before traveling,Neutral,Rather B,Rather A,,Train B,Train B,Train B,Train B,Train B,,Train B,Train B,Train B,Train A,Train B,,,,,,,,,,,,,,,,,,,,,,,,,,,,,,,,,,,,,,,36 - 50,Male,2000 - 3000 €,"Small Town (e.g. Freising, Dachau, Memmingen)",Apprenticeship /Vocational Training,Full or Part time worker,,Yes,Yes (private or company car),Yes – Deutschlandticket,,,681.82,,76.42,,,38.42,8.76,127.85,55.27,29.38,15.17,,102.03,,5.97,17.49,12.77,5.11,4.74,22.44,16.95,25.32,3.3,8.97,8.95,,,,,,,,,,,,,,,,,,,,,,,,,,,,,,,,,,,,,,,,,,11.53,,15.06,2.78,6.27,17.51,12,8.06,4.28,5.72,4.38,,8.92
573,10/27/25 10:47,68,de,760069649,10/27/25 10:38,10/27/25 10:47,,3,Less often (e.g. every few months),Min. 1-2 times per year,Min. 1-2 times per year,Min. 1-2 times per year,Min. 1-2 times per year,Min. 1-2 times per year,(Almost) Never,(Almost) Never,Min. 1-2 times per year,Min. 1-2 times per year,Often,Up to 3 days before traveling,Rather B,Rather B,Neutral,,,,,,,,,,,,,,,,,,,,,,,,,,Train A,Train A,Train A,Train A,Train B,,Train A,Train A,Train A,Train B,Train A,,,,,,,,,,,,,,,18 - 25,Male,1000 - 2000 €,"Large City (e.g. Berlin, Munich, Stuttgart)","University (Bachelor, Master, PhD)",Student,,No,,Yes – Deutschlandticket,,,512.71,,4.33,,,26.51,65.31,56.51,48.94,47.34,56.78,,8.14,,,,,,,,,,,,,,,,,,,,,,,,,,,,12.98,4.74,5.59,6.3,8.38,1.69,9.78,5.69,9.29,10.06,4.1,,,,,,,,,,,,,,,,1.36,,5.94,6.93,5.17,4.46,19.86,62.07,5.77,,3.68,,5.01